90, 52.202648741055576, 455, 831, 26, 1921, 0, 1669703549961, 1669703552978, [100, 8, 23], [-1], 9.845840954555936
100, 40.94519298497255, 551, 1246, 25, 2260, 0, 1669703646667, 1669703650342, [90, 8, 24], [1], 5.934085939851094
90, 36.860386021520135, 448, 856, 19, 4484, 0, 1669703741292, 1669703758455, [100, 9, 24], [-1], 6.960042677779481
90, 52.748712539233736, 442, 805, 21, 1824, 5, 1669703839667, 1669703842383, [90, 8, 24], [0], 10.25042995321293
90, 40.44460696833895, 430, 866, 14, 2638, 0, 1669703913027, 1669703919512, [90, 9, 24], [0], 7.819916273847438
100, 45.009428872836565, 437, 922, 16, 2204, 9, 1669704003594, 1669704007355, [90, 8, 23], [1], 8.428731998658533
90, 35.31684225534947, 719, 970, 58, 2917, 0, 1669704101490, 1669704108522, [100, 9, 23], [-1], 4.591373148121355
80, 49.52477073947192, 494, 881, 19, 2131, 0, 1669704195054, 1669704198423, [90, 8, 23], [-1], 8.667268242819725
80, 43.15715106846117, 562, 1135, 23, 2111, 0, 1669704265082, 1669704269075, [80, 8, 23], [0], 6.378532525637182
80, 64.65544815304656, 325, 643, 12, 1626, 0, 1669704347092, 1669704351322, [80, 7, 23], [0], 16.63804635950761
80, 49.47001428204025, 446, 739, 19, 5055, 1, 1669704430084, 1669704451734, [80, 8, 23], [0], 9.803807824423355
90, 47.987901527555, 466, 1077, 22, 2069, 0, 1669704529703, 1669704533343, [80, 8, 24], [1], 8.15843276565029
90, 45.46609528858048, 437, 857, 19, 2243, 0, 1669704597443, 1669704619298, [90, 9, 24], [0], 8.726697752126771
100, 69.78220547166173, 421, 808, 12, 1417, 0, 1669704709617, 1669704711298, [90, 7, 23], [1], 14.001245078583812
90, 61.873097248547744, 487, 865, 14, 1696, 0, 1669704784499, 1669704786598, [100, 8, 23], [-1], 10.997706585237777
80, 85.56468704894162, 338, 581, 22, 1078, 0, 1669704860029, 1669704861784, [90, 9, 23], [-1], 22.1326143427164
80, 88.74954747335656, 251, 484, 11, 1177, 0, 1669704924050, 1669704925722, [80, 10, 24], [0], 29.82175654346658
90, 36.07040271433472, 541, 756, 30, 5825, 0, 1669705037377, 1669705039671, [80, 8, 24], [1], 6.176438820947726
100, 45.45880804098498, 448, 1074, 30, 2090, 0, 1669705132321, 1669705136248, [90, 9, 24], [1], 7.93070621789689
110, 58.297435117995725, 456, 833, 29, 1638, 0, 1669705225760, 1669705228455, [100, 8, 24], [1], 10.970537282272435
100, 53.045132842753084, 368, 580, 11, 4910, 0, 1669705336719, 1669705338924, [110, 8, 24], [-1], 12.92522730086576
90, 112.69188165456526, 173, 290, 10, 712, 0, 1669705410492, 1669705412197, [100, 8, 23], [-1], 57.37875847992121
100, 44.70130905341621, 537, 1021, 22, 2123, 0, 1669705505495, 1669705508823, [90, 9, 24], [1], 7.0529045524481235
90, 29.62809626378843, 448, 826, 21, 5813, 4, 1669705620991, 1669705622999, [100, 8, 23], [-1], 5.65853633762193
90, 85.16631423380036, 341, 661, 25, 1101, 0, 1669705688508, 1669705690072, [90, 7, 23], [0], 21.028719563901323
100, 43.59219262406792, 452, 808, 21, 2172, 0, 1669705767759, 1669705771747, [90, 8, 23], [1], 8.331841097872308
90, 69.43964415661446, 370, 755, 18, 1415, 0, 1669705847120, 1669705849686, [100, 9, 24], [-1], 15.534596008191153
100, 61.04998103734583, 379, 761, 15, 1423, 0, 1669705924242, 1669705926448, [90, 9, 24], [1], 13.405792937493596
90, 41.06289943098303, 548, 782, 30, 5383, 8, 1669706036981, 1669706038887, [100, 9, 24], [-1], 6.9036481894726
80, 83.45996446570594, 227, 391, 22, 1024, 1, 1669706131856, 1669706133876, [90, 9, 23], [-1], 32.12469763883985
90, 51.95078507657445, 444, 835, 20, 2510, 0, 1669706229366, 1669706231292, [80, 9, 23], [1], 9.948446012365846
80, 67.03725126029036, 334, 686, 21, 1430, 0, 1669706302020, 1669706305537, [90, 8, 23], [-1], 16.576966187015422
80, 76.99388047029018, 384, 629, 28, 1421, 0, 1669706365637, 1669706387468, [80, 8, 23], [0], 17.781496644408815
80, 70.51888855636761, 303, 565, 22, 1329, 0, 1669706449726, 1669706452002, [80, 8, 24], [0], 19.84211833324919
90, 31.631774826357287, 673, 1141, 23, 4200, 0, 1669706540806, 1669706554576, [80, 10, 24], [1], 4.12624247669675
100, 72.63761231279727, 354, 701, 20, 1268, 0, 1669706630510, 1669706632730, [90, 9, 24], [1], 17.155789398393313
110, 36.28692653812509, 681, 1426, 27, 2916, 0, 1669706710680, 1669706724052, [100, 10, 24], [1], 4.371918860015071
100, 56.879764547836295, 432, 825, 22, 1715, 0, 1669706795986, 1669706799996, [110, 8, 23], [-1], 11.139789374821053
100, 34.32470822458383, 561, 1026, 16, 5513, 0, 1669706880084, 1669706901474, [100, 8, 23], [0], 5.248426334034225
90, 83.3622211548433, 343, 661, 31, 1054, 1, 1669706990049, 1669706991901, [100, 8, 24], [-1], 20.502267868874398
80, 74.52113799763656, 321, 593, 14, 1397, 0, 1669707068614, 1669707070291, [90, 9, 24], [-1], 19.85112892851267
70, 54.12974169757699, 396, 816, 20, 1772, 0, 1669707142359, 1669707164153, [80, 9, 24], [-1], 11.27702952032854
80, 60.43638198095603, 355, 610, 28, 1712, 0, 1669707255507, 1669707257581, [70, 10, 24], [1], 14.885808369693605
80, 59.23364201199347, 404, 761, 10, 1809, 1, 1669707339848, 1669707341788, [80, 8, 24], [0], 12.459748004205608
80, 69.39631998040302, 417, 832, 26, 1503, 0, 1669707402516, 1669707428483, [80, 8, 24], [0], 13.879263996080605
80, 79.23115649265043, 442, 735, 24, 1797, 10, 1669707550836, 1669707552803, [80, 9, 24], [0], 15.82723861219545
70, 65.19687253632353, 399, 754, 33, 1416, 0, 1669707625305, 1669707627896, [80, 9, 24], [-1], 13.871675007728406
80, 61.94564080372252, 272, 547, 28, 1611, 0, 1669707700683, 1669707702763, [70, 8, 24], [1], 18.94362104089374
80, 59.09063616606424, 297, 601, 13, 1674, 0, 1669707764175, 1669707768234, [80, 8, 24], [0], 16.514990543897216
80, 46.6849838774178, 450, 1032, 28, 2520, 1, 1669707848324, 1669707855265, [80, 8, 24], [0], 8.242405345589301
80, 87.80832228835911, 240, 419, 14, 1054, 0, 1669707919098, 1669707920822, [80, 8, 24], [0], 31.837680307599385
80, 51.34071126547006, 519, 910, 36, 1966, 0, 1669707988875, 1669707992642, [80, 9, 24], [0], 8.596904096696258
80, 45.47970127349497, 580, 1039, 22, 2130, 2, 1669708075144, 1669708078750, [80, 8, 24], [0], 6.769827519126968
90, 61.07148432400506, 344, 747, 19, 1712, 0, 1669708168662, 1669708172139, [80, 8, 24], [1], 14.383298239285224
80, 89.51648191418022, 193, 345, 18, 908, 0, 1669708242293, 1669708244498, [90, 8, 24], [-1], 40.07004561959723
70, 63.17280840706732, 279, 558, 18, 1453, 0, 1669708334484, 1669708336329, [80, 9, 24], [-1], 18.868819715372556
60, 91.08281223345034, 355, 579, 19, 1022, 0, 1669708405576, 1669708406967, [70, 8, 24], [-1], 22.782094105415293
60, 66.28394008404743, 335, 616, 16, 1421, 0, 1669708469992, 1669708471194, [60, 9, 24], [0], 16.9437474652473
60, 92.85691407809725, 219, 399, 15, 929, 0, 1669708530223, 1669708531514, [60, 9, 24], [0], 36.414476109057745
70, 73.25267400773774, 402, 532, 37, 1372, 0, 1669708621519, 1669708623318, [60, 8, 24], [1], 17.115110749471434
70, 52.64743149661066, 378, 825, 23, 1721, 0, 1669708705229, 1669708708007, [70, 9, 24], [0], 11.263892061748107
60, 58.15821065123184, 396, 730, 14, 1705, 0, 1669708782573, 1669708785943, [70, 8, 24], [-1], 12.566596942789939
50, 90.84820790213908, 301, 472, 25, 1024, 0, 1669708855308, 1669708857093, [60, 9, 24], [-1], 27.102687321640534
60, 62.48055748968618, 476, 579, 22, 1558, 0, 1669708928460, 1669708950134, [50, 9, 24], [1], 12.58166683239754
70, 56.02512893266733, 323, 739, 8, 1661, 0, 1669709024593, 1669709026377, [60, 10, 24], [1], 13.792498506318887
60, 62.32398100016286, 388, 705, 33, 1644, 0, 1669709116785, 1669709119359, [70, 8, 25], [-1], 13.8068190075682
70, 83.4009580269524, 312, 586, 20, 1135, 0, 1669709198313, 1669709200082, [60, 9, 24], [1], 22.737447662746018
80, 48.71184907756558, 442, 856, 17, 1993, 0, 1669709276783, 1669709280112, [70, 10, 25], [1], 9.281983437036123
80, 73.15109489592604, 249, 592, 14, 1208, 0, 1669709340088, 1669709341493, [80, 9, 24], [0], 23.0324606095485
80, 39.6418980544561, 560, 1075, 19, 2438, 14, 1669709426367, 1669709430382, [80, 8, 24], [0], 5.9791701439601965
80, 30.95819098225295, 576, 1065, 17, 3546, 0, 1669709520435, 1669709524587, [80, 8, 24], [0], 4.594566782762385
80, 58.19570191600794, 405, 822, 17, 1638, 0, 1669709586134, 1669709589780, [80, 8, 24], [0], 11.91558188288451
90, 47.34028422491892, 468, 792, 21, 1998, 11, 1669709682776, 1669709686766, [80, 8, 24], [1], 8.885188480652948
90, 64.89265603987789, 471, 941, 16, 1440, 0, 1669709747419, 1669709750765, [90, 8, 24], [0], 11.485425847765999
100, 117.45020166555621, 157, 296, 13, 701, 0, 1669709821076, 1669709822126, [90, 8, 24], [1], 63.55530393157803
110, 61.5564460129908, 428, 793, 16, 1575, 0, 1669709894745, 1669709897085, [100, 10, 24], [1], 12.286715771056047
110, 44.29801580734477, 537, 1146, 13, 2280, 3, 1669709972639, 1669709975036, [110, 8, 24], [0], 6.724046115261804
100, 32.3976151545089, 533, 851, 32, 5687, 8, 1669710086883, 1669710090188, [110, 8, 24], [-1], 5.430374648761129
110, 48.198485530383074, 420, 876, 16, 2006, 0, 1669710163885, 1669710168866, [100, 8, 23], [1], 9.428498734425483
120, 27.76692672323269, 775, 1115, 38, 5826, 19, 1669710282216, 1669710284731, [110, 8, 24], [1], 3.293822861593439
130, 66.51019012238385, 479, 868, 17, 1420, 0, 1669710374872, 1669710376409, [120, 8, 24], [1], 11.945077248991351
130, 68.11542125945648, 684, 1477, 20, 6945, 4, 1669710529401, 1669710530526, [130, 8, 24], [0], 8.083956949852418
130, 31.944412175801673, 503, 1185, 23, 3015, 0, 1669710614179, 1669710620967, [130, 8, 25], [0], 4.995998150735325
120, 125.93332816928543, 137, 238, 14, 526, 0, 1669710694330, 1669710695395, [130, 8, 25], [-1], 80.11025964967266
130, 26.133081256732147, 1067, 3496, 35, 8339, 0, 1669710802056, 1669710849442, [120, 9, 24], [1], 1.682965047445398
130, 47.59818069623678, 885, 1894, 9, 7503, 73, 1669710989893, 1669710990956, [130, 10, 24], [0], 4.379663295568346
120, 69.91443705304552, 330, 720, 10, 1331, 0, 1669711070185, 1669711074076, [130, 8, 25], [-1], 17.13589143456998
110, 42.670553637368414, 455, 960, 18, 2120, 1, 1669711148160, 1669711169736, [120, 9, 24], [-1], 7.674560006720937
100, 60.3019922944687, 350, 806, 19, 1517, 0, 1669711240499, 1669711244212, [110, 8, 25], [-1], 13.667722641538688
110, 46.722270514742384, 524, 1046, 25, 2036, 0, 1669711335837, 1669711339131, [100, 9, 25], [1], 7.4351162499590036
100, 78.52309053239003, 306, 614, 34, 1290, 0, 1669711424613, 1669711426251, [110, 7, 25], [-1], 21.36101483470893
110, 61.20172160219802, 513, 1037, 8, 1603, 0, 1669711510600, 1669711511872, [100, 10, 24], [1], 9.906397151537393
120, 63.21457396228698, 486, 701, 13, 1707, 3, 1669711601590, 1669711604980, [110, 9, 24], [1], 11.949824945611905
120, 77.17763579580233, 430, 810, 12, 1346, 0, 1669711684733, 1669711686523, [120, 8, 24], [0], 15.25249719284631
110, 43.25541081594232, 605, 933, 21, 2233, 0, 1669711761198, 1669711783093, [120, 8, 24], [-1], 6.450255117199869
120, 61.1957832639951, 302, 631, 21, 1669, 0, 1669711874472, 1669711876211, [110, 10, 25], [1], 16.638331501901874
130, 32.44754916221454, 797, 1664, 25, 3177, 0, 1669711973354, 1669711977853, [120, 8, 25], [1], 3.3437293036082583
120, 63.55140987831177, 397, 786, 13, 1500, 0, 1669712050143, 1669712052847, [130, 8, 25], [-1], 13.384879923823034
110, 61.08272689771631, 431, 868, 26, 1570, 0, 1669712141138, 1669712145441, [120, 8, 25], [-1], 11.782933429343423
100, 39.51747072564706, 539, 858, 25, 2670, 0, 1669712223224, 1669712244960, [110, 9, 25], [-1], 6.555652077910924
100, 54.38780922394636, 406, 813, 22, 1794, 0, 1669712311442, 1669712314228, [100, 8, 24], [0], 11.158762663920058
90, 47.04769568771398, 420, 1013, 19, 1937, 0, 1669712390904, 1669712394296, [100, 8, 24], [-1], 8.735183009230223
100, 68.39906536803043, 449, 815, 22, 2157, 0, 1669712488673, 1669712490510, [90, 8, 25], [1], 13.098250740718198
110, 59.253043412899885, 547, 953, 18, 1629, 0, 1669712561810, 1669712581664, [100, 10, 25], [1], 9.43219411220947
110, 42.179989003644906, 575, 1348, 17, 2276, 0, 1669712648145, 1669712651587, [110, 9, 24], [0], 5.781248492824137
120, 50.583420711717906, 429, 919, 14, 1842, 0, 1669712726796, 1669712729717, [110, 8, 24], [1], 9.598372051559375
130, 69.03958690480256, 438, 856, 15, 1530, 0, 1669712802627, 1669712804499, [120, 8, 25], [1], 13.23611712131951
130, 32.72909244156813, 536, 909, 37, 3456, 0, 1669712876481, 1669712898251, [130, 9, 24], [0], 5.360152709067823
120, 54.339242004111725, 394, 829, 19, 1753, 0, 1669712971449, 1669712974810, [130, 9, 24], [-1], 11.297139709794536
110, 19.56971173216516, 640, 1043, 23, 9063, 12, 1669713085551, 1669713107191, [120, 8, 24], [-1], 2.7157523913634694
120, 36.200636720829905, 527, 1465, 21, 2900, 2, 1669713186111, 1669713207685, [110, 8, 24], [1], 5.065860162444711
120, 53.30812913964487, 427, 928, 14, 1849, 0, 1669713279615, 1669713282820, [120, 7, 24], [0], 10.111557120569966
130, 59.432167443979345, 532, 903, 25, 1601, 0, 1669713372965, 1669713376189, [120, 8, 24], [1], 9.80405269613648
140, 46.682145090795416, 519, 1150, 19, 1907, 0, 1669713453350, 1669713457584, [130, 8, 24], [1], 7.235298371171019
130, 71.72511603556029, 351, 607, 12, 1611, 0, 1669713528427, 1669713532017, [140, 8, 24], [-1], 17.83319642853314
140, 72.78939937082143, 257, 488, 12, 1450, 0, 1669713622142, 1669713623527, [130, 8, 24], [1], 24.00705783998068
150, 54.20497239729758, 536, 910, 37, 1810, 2, 1669713695712, 1669713702922, [140, 8, 24], [1], 8.874422461902027
160, 37.55311555547472, 588, 1258, 16, 2690, 0, 1669713799063, 1669713802420, [150, 9, 24], [1], 5.201262542309518
170, 37.94855829063101, 432, 874, 26, 2639, 0, 1669713884316, 1669713886067, [160, 9, 24], [1], 7.2921902941258665
180, 68.17588152543605, 380, 804, 32, 1380, 0, 1669713958230, 1669713960185, [170, 8, 24], [1], 14.66778862423323
190, 67.97776033190848, 595, 1021, 19, 1460, 0, 1669714037160, 1669714038657, [180, 8, 24], [1], 9.993790110542264
190, 62.7379423162177, 461, 941, 12, 1728, 0, 1669714103402, 1669714105190, [190, 9, 24], [0], 11.263544401475349
190, 54.000115513988405, 645, 951, 22, 1953, 0, 1669714179696, 1669714201775, [190, 7, 24], [1], 7.646575405549193
180, 67.35701608077449, 313, 720, 11, 1444, 0, 1669714273827, 1669714276056, [190, 7, 24], [-1], 17.07835093325925
170, 27.90516474084837, 675, 923, 17, 7267, 5, 1669714376799, 1669714398875, [180, 8, 24], [-1], 3.8511129921126646
180, 17.927161117233158, 1743, 2318, 36, 11561, 0, 1669714521283, 1669714558170, [170, 8, 23], [1], 0.9648633539953261
190, 55.33214112674989, 479, 925, 28, 1702, 0, 1669714633317, 1669714635723, [180, 8, 24], [1], 9.738145217661016
190, 40.977471852586426, 596, 1173, 34, 2357, 2, 1669714728575, 1669714733007, [190, 9, 24], [1], 5.760116931766436
190, 57.61606922308029, 378, 769, 12, 1805, 4, 1669714814613, 1669714816533, [190, 8, 24], [0], 12.629563617509925
190, 36.039371615456695, 901, 2008, 42, 4548, 0, 1669714917783, 1669714919053, [190, 8, 24], [1], 3.210920493180389
190, 47.76730811182744, 369, 561, 22, 2853, 1, 1669715001721, 1669715008148, [190, 9, 23], [0], 11.7249160804682
180, 57.95714371555583, 559, 1012, 18, 1653, 0, 1669715080341, 1669715085310, [190, 8, 24], [-1], 8.921974094143446
170, 36.17229283385334, 531, 1046, 33, 2801, 12, 1669715182039, 1669715186290, [180, 8, 24], [-1], 5.7054089643301795
180, 48.77035270986564, 688, 1102, 30, 1983, 0, 1669715260328, 1669715282155, [170, 8, 24], [1], 6.32723828617873
170, 82.76373051301391, 259, 484, 22, 1247, 0, 1669715352926, 1669715354557, [180, 8, 24], [-1], 27.224911352965105
170, 15.391643386274488, 852, 1596, 43, 7711, 0, 1669715466116, 1669715470272, [170, 8, 24], [0], 1.5379339914343013
160, 39.76942663091177, 531, 990, 21, 2682, 0, 1669715547029, 1669715568932, [170, 7, 24], [-1], 6.3855855219832645
160, 39.325182501189964, 674, 1274, 15, 2628, 0, 1669715644994, 1669715648492, [160, 8, 24], [0], 4.952793765892943
160, 55.767328814935105, 369, 745, 11, 1768, 0, 1669715710872, 1669715732899, [160, 8, 24], [0], 12.55455398805383
170, 45.37084559822448, 723, 1817, 18, 8389, 0, 1669715880874, 1669715882595, [160, 7, 24], [1], 4.817460777046557
170, 89.36000644496727, 356, 577, 8, 1334, 0, 1669715962588, 1669715963670, [170, 8, 24], [0], 22.328837192645494
170, 55.29737821180767, 336, 756, 14, 1744, 1, 1669716027727, 1669716029434, [170, 7, 24], [0], 13.16604243138278
160, 38.963711434537124, 405, 764, 14, 3107, 1, 1669716123273, 1669716130267, [170, 8, 24], [-1], 8.171919344491846
160, 20.435616952192426, 992, 1908, 21, 9360, 0, 1669716263496, 1669716293433, [160, 8, 25], [0], 1.7389054588318946
170, 55.67574315108654, 551, 894, 34, 1679, 0, 1669716365765, 1669716387764, [160, 8, 25], [1], 8.985755834584658
160, 28.692457353680094, 594, 987, 15, 4592, 0, 1669716476209, 1669716498240, [170, 8, 25], [-1], 4.26590207458818
160, 18.134170702964507, 1587, 2665, 16, 12017, 0, 1669716635615, 1669716657077, [160, 7, 25], [0], 1.0060008156531957
160, 77.73676773398645, 370, 702, 13, 1294, 0, 1669716716106, 1669716719822, [160, 8, 24], [0], 17.813191506413027
150, 59.23823743168091, 402, 873, 19, 1542, 0, 1669716792785, 1669716795419, [160, 9, 24], [-1], 11.93837916801308
140, 51.07928982147878, 390, 849, 9, 1726, 0, 1669716868441, 1669716872362, [150, 9, 25], [-1], 10.60176210491465
130, 47.349443991019164, 452, 1145, 15, 1979, 0, 1669716945992, 1669716968036, [140, 8, 25], [-1], 8.017176429227762
130, 46.10522188171291, 387, 763, 13, 4490, 1, 1669717064346, 1669717066504, [130, 9, 25], [0], 9.975167001668737
120, 45.41523267435247, 359, 884, 24, 1996, 0, 1669717140593, 1669717144937, [130, 7, 24], [-1], 9.787765662575962
110, 48.32302006812091, 596, 1092, 22, 1934, 0, 1669717221335, 1669717225010, [120, 9, 24], [-1], 6.950952253757323
100, 48.18878803814979, 485, 834, 32, 1894, 0, 1669717317422, 1669717321032, [110, 9, 24], [-1], 8.685794527424259
90, 82.53788100884665, 306, 511, 18, 1034, 0, 1669717398774, 1669717400943, [100, 8, 25], [-1], 23.786132855575403
100, 47.848469656972775, 427, 849, 15, 1962, 0, 1669717474328, 1669717478488, [90, 9, 24], [1], 9.356368724476491
100, 66.39931043626636, 399, 925, 15, 1474, 0, 1669717539302, 1669717543136, [100, 8, 24], [0], 13.169240467327716
100, 43.36877525985506, 356, 600, 21, 5287, 0, 1669717647539, 1669717649608, [100, 8, 25], [0], 10.71363025194048
110, 59.499321540658855, 463, 1073, 18, 1641, 0, 1669717741628, 1669717743523, [100, 8, 24], [1], 10.17082419498442
110, 36.9644318079108, 409, 843, 20, 2821, 18, 1669717816725, 1669717819586, [110, 9, 24], [0], 7.455512667993302
100, 50.0419588825859, 503, 1100, 13, 2012, 0, 1669717912629, 1669717914609, [110, 8, 24], [-1], 8.040160488847349
100, 57.90381823515163, 435, 980, 16, 1664, 0, 1669717981954, 1669717983879, [100, 7, 25], [0], 10.644084234402873
100, 18.142695590019866, 637, 1011, 19, 9149, 0, 1669718091561, 1669718113177, [100, 8, 24], [0], 2.548847371455446
90, 66.62863789721389, 386, 754, 19, 1534, 0, 1669718188704, 1669718190849, [100, 8, 24], [-1], 14.497092666930786
80, 46.0469677231988, 493, 1034, 30, 2151, 0, 1669718266099, 1669718287580, [90, 8, 25], [-1], 7.659176267997138
70, 78.90089809259125, 244, 411, 18, 1045, 0, 1669718358720, 1669718360347, [80, 8, 24], [-1], 28.443005801222508
70, 94.4769914124274, 117, 221, 8, 1993, 1, 1669718444364, 1669718445488, [70, 8, 24], [0], 68.56095167810406
70, 49.014226891205894, 401, 646, 17, 1956, 0, 1669718527716, 1669718529693, [70, 8, 24], [0], 10.892050420267976
70, 35.68878143284034, 532, 711, 24, 5518, 6, 1669718629172, 1669718632716, [70, 9, 25], [0], 6.285449354145885
70, 49.887570227758694, 375, 622, 19, 5219, 0, 1669718729231, 1669718732846, [70, 8, 24], [0], 11.754846896267365
70, 86.04261723233522, 170, 329, 15, 996, 0, 1669718791836, 1669718793600, [70, 8, 24], [0], 42.637570481831126
80, 49.53067718216944, 555, 1107, 14, 1944, 0, 1669718874133, 1669718876816, [70, 8, 24], [1], 7.443744692240674
70, 57.312728210442856, 321, 702, 17, 1601, 0, 1669718948275, 1669718951901, [80, 9, 25], [-1], 14.429186357110485
60, 80.27820150956039, 333, 549, 32, 1048, 0, 1669719021586, 1669719023632, [70, 8, 25], [-1], 21.339234851026152
50, 60.880603311508345, 391, 687, 30, 1493, 0, 1669719099142, 1669719102383, [60, 9, 25], [-1], 13.52301273023286
40, 91.58480755915187, 138, 287, 9, 810, 0, 1669719174769, 1669719176602, [50, 9, 25], [-1], 54.57974228793317
50, 98.16914048649699, 279, 430, 20, 865, 0, 1669719245225, 1669719247096, [40, 10, 25], [1], 31.749398604947277
50, 89.28288789530343, 174, 313, 10, 926, 0, 1669719307540, 1669719309396, [50, 10, 25], [0], 44.243254655749965
40, 97.66960040016308, 248, 396, 18, 866, 1, 1669719396456, 1669719398255, [50, 9, 25], [-1], 35.18357363118266
40, 95.83266216291572, 210, 400, 11, 838, 0, 1669719456666, 1669719458497, [40, 9, 25], [0], 38.64220248504666
50, 97.03552895606673, 239, 409, 18, 902, 0, 1669719527152, 1669719528564, [40, 10, 25], [1], 35.54414980075704
50, 94.12538106884804, 192, 375, 11, 920, 0, 1669719585822, 1669719588060, [50, 10, 26], [0], 41.174707379198615
40, 87.40902499460985, 257, 425, 21, 1108, 0, 1669719658709, 1669719659900, [50, 9, 25], [-1], 30.07881107866822
40, 40.64295599562172, 494, 647, 23, 5228, 0, 1669719740439, 1669719762179, [40, 10, 24], [0], 7.7474182225737165
30, 106.41617144749792, 172, 281, 13, 771, 0, 1669719833420, 1669719834920, [40, 9, 23], [-1], 54.91030518446745
20, 65.95587479645876, 293, 411, 24, 4669, 3, 1669719942257, 1669719944149, [30, 10, 23], [-1], 20.832556789784825
10, 131.52388620145626, 122, 205, 13, 381, 0, 1669720010944, 1669720012071, [20, 9, 24], [-1], 94.89457878892948
10, 122.16112705265031, 170, 298, 16, 523, 0, 1669720068888, 1669720070756, [10, 12, 24], [0], 62.454563932847805
20, 127.09774862686021, 87, 160, 7, 584, 0, 1669720137940, 1669720139000, [10, 11, 25], [1], 125.0962092784057
30, 68.76078600948192, 333, 417, 15, 4830, 9, 1669720225341, 1669720247032, [20, 10, 25], [1], 19.657171529297283
30, 81.90768932058226, 315, 573, 12, 980, 0, 1669720305958, 1669720308176, [30, 10, 25], [0], 22.342523000704382
40, 93.8125103733107, 222, 373, 23, 946, 0, 1669720377421, 1669720379181, [30, 10, 25], [1], 37.197664699964584
30, 42.804675225923496, 442, 511, 21, 5225, 4, 1669720486706, 1669720489916, [40, 11, 25], [-1], 9.391109088618583
40, 100.85337139237829, 207, 349, 14, 847, 0, 1669720559570, 1669720560928, [30, 10, 24], [1], 42.84340331027114
30, 125.09463593947585, 185, 280, 18, 425, 12, 1669720646677, 1669720648868, [40, 10, 25], [-1], 61.3208999703313
20, 98.08587438770489, 204, 307, 21, 796, 0, 1669720715848, 1669720718175, [30, 8, 23], [-1], 43.671359923288016
20, 52.41286232798349, 342, 291, 19, 5020, 3, 1669720796256, 1669720817864, [20, 10, 24], [0], 15.796522702828057
30, 59.265455600313906, 227, 339, 24, 4773, 0, 1669720905180, 1669720927077, [20, 10, 24], [1], 23.763213953614233
20, 125.74452499536463, 60, 119, 7, 527, 0, 1669720993179, 1669720994626, [30, 9, 24], [-1], 175.13165041137137
10, 113.20108924437724, 258, 353, 22, 601, 0, 1669721061606, 1669721063190, [20, 10, 24], [-1], 40.86681922179684
20, 76.99685245047837, 368, 437, 9, 1328, 0, 1669721151830, 1669721154203, [10, 11, 25], [1], 20.166802632393495
20, 80.3519367541179, 263, 247, 26, 1350, 0, 1669721231289, 1669721236330, [20, 8, 25], [0], 30.92838212244723
20, 103.09931245225361, 195, 303, 21, 790, 0, 1669721313547, 1669721315248, [20, 9, 24], [0], 47.5989438837736
30, 81.22710750722209, 296, 415, 25, 1041, 0, 1669721403634, 1669721404702, [20, 9, 24], [1], 25.399345687061313
20, 123.62862501309614, 148, 254, 16, 572, 0, 1669721472058, 1669721473137, [30, 10, 25], [-1], 73.06656324651073
20, 99.19752983837222, 227, 429, 16, 826, 0, 1669721533091, 1669721534185, [20, 10, 24], [0], 37.09705678323568
20, 68.26647867803624, 167, 234, 15, 4742, 1, 1669721630913, 1669721632383, [20, 11, 24], [0], 37.84172875722629
20, 92.07817376044025, 176, 285, 16, 1010, 0, 1669721690066, 1669721692351, [20, 9, 24], [0], 46.55114952499507
10, 104.09882980203724, 155, 217, 18, 594, 0, 1669721779265, 1669721780761, [20, 9, 25], [-1], 62.18568088532691
20, 123.7660747866577, 115, 205, 8, 468, 0, 1669721848337, 1669721849398, [10, 9, 24], [1], 93.05719908771255
10, 136.72702259791055, 102, 166, 11, 268, 0, 1669721915474, 1669721916783, [20, 10, 24], [-1], 119.10019390061892
20, 105.08513516868614, 223, 346, 21, 736, 0, 1669721984004, 1669721985784, [10, 10, 25], [1], 42.44149239446128
10, 119.932273839198, 153, 235, 15, 470, 0, 1669722052923, 1669722053973, [20, 11, 24], [-1], 70.79827263234829
10, 96.60257030722076, 219, 311, 16, 762, 0, 1669722110894, 1669722132746, [10, 11, 25], [0], 40.6918998766726
10, 130.68952044909764, 143, 231, 9, 423, 0, 1669722199362, 1669722200584, [10, 12, 25], [-1], 81.37579106419528
10, 108.69708964209596, 190, 267, 11, 732, 0, 1669722288189, 1669722289283, [10, 10, 26], [-1], 52.91971258135148
10, 111.55596525630692, 234, 376, 18, 581, 0, 1669722346809, 1669722348326, [10, 12, 25], [0], 42.513706271458425
10, 112.05559584354384, 138, 237, 10, 533, 0, 1669722404875, 1669722406478, [10, 11, 25], [0], 71.01115072467924
20, 98.40651919480553, 240, 383, 12, 735, 0, 1669722473548, 1669722475697, [10, 10, 24], [1], 36.63682769724703
10, 115.16006566340127, 216, 293, 21, 544, 0, 1669722542507, 1669722543963, [20, 10, 24], [-1], 49.7666662331034
10, 110.02300119370034, 182, 274, 18, 583, 0, 1669722620726, 1669722622111, [10, 12, 25], [0], 54.90169720244528
20, 94.77018837619497, 220, 349, 21, 972, 0, 1669722689819, 1669722692164, [10, 9, 25], [1], 38.555813009029684
10, 104.78530037617948, 288, 354, 29, 676, 0, 1669722759127, 1669722781158, [20, 9, 26], [-1], 34.78927635331324
10, 57.773222956695804, 430, 543, 18, 4875, 0, 1669722889457, 1669722891684, [10, 10, 25], [-1], 12.764742146861643
10, 161.57352755151848, 86, 155, 11, 269, 0, 1669722956440, 1669722958027, [10, 10, 25], [-1], 161.8973221959103
10, 124.8597135111058, 134, 224, 7, 427, 0, 1669723015006, 1669723016105, [10, 9, 25], [0], 82.14454836256961
10, 34.514922049997175, 380, 380, 19, 8631, 1, 1669723133390, 1669723135325, [10, 10, 26], [0], 9.082874223683467
10, 148.3744362051576, 93, 136, 15, 210, 0, 1669723191862, 1669723192973, [10, 10, 25], [0], 146.03783091058818
10, 134.77434700239513, 163, 271, 13, 335, 0, 1669723268963, 1669723270129, [10, 12, 26], [0], 73.00885536424437
20, 93.47922363703385, 211, 333, 16, 871, 0, 1669723338433, 1669723339957, [10, 11, 26], [1], 39.710800185655835
10, 100.01704487123791, 178, 231, 10, 880, 0, 1669723409638, 1669723431511, [20, 10, 25], [-1], 53.031306930666965
20, 112.74452732178202, 201, 318, 17, 632, 0, 1669723498689, 1669723499739, [10, 10, 26], [1], 50.242659234305705
30, 124.72425056896154, 157, 261, 18, 502, 0, 1669723569217, 1669723570906, [20, 11, 26], [1], 70.14862236724495
40, 87.1290125805543, 254, 402, 37, 941, 0, 1669723643377, 1669723644437, [30, 12, 26], [1], 30.72250090992747
50, 102.0264691780651, 263, 416, 22, 728, 0, 1669723712625, 1669723713707, [40, 11, 26], [1], 34.75015980179329
60, 90.62756296371768, 250, 461, 15, 1021, 0, 1669723784871, 1669723786043, [50, 11, 25], [1], 31.015593074509816
50, 107.70006502134625, 229, 430, 16, 903, 0, 1669723865989, 1669723867948, [60, 10, 25], [-1], 40.00745357405135
50, 73.00682177257326, 307, 551, 11, 1296, 0, 1669723928189, 1669723931559, [50, 12, 26], [0], 20.51906176857034
60, 75.2947522497077, 315, 597, 17, 1185, 0, 1669724003488, 1669724005617, [50, 10, 24], [1], 20.2732235459633
60, 83.97953615792035, 325, 538, 19, 1003, 0, 1669724064667, 1669724067128, [60, 10, 24], [0], 22.84535804078355
50, 83.86420571917057, 233, 434, 15, 1044, 0, 1669724137026, 1669724138972, [60, 9, 24], [-1], 30.6970006292718
40, 125.00077867901041, 224, 345, 12, 467, 0, 1669724209710, 1669724211473, [50, 10, 24], [-1], 50.36292452820725
50, 58.66052835615649, 242, 472, 14, 1682, 0, 1669724282868, 1669724286178, [40, 11, 25], [1], 20.368239012554337
50, 75.75480966534289, 252, 501, 16, 1307, 0, 1669724346838, 1669724349009, [50, 8, 24], [0], 25.100997238350857
40, 49.137532936538264, 287, 497, 19, 5008, 5, 1669724457545, 1669724460109, [50, 9, 24], [-1], 14.93542034545236
30, 72.98100527779722, 319, 455, 10, 1179, 0, 1669724549636, 1669724551700, [40, 9, 24], [-1], 21.08059077925974
20, 117.68595976459623, 172, 274, 11, 620, 0, 1669724638670, 1669724639833, [30, 10, 25], [-1], 61.16733875498765
30, 92.39769093122952, 265, 408, 15, 902, 0, 1669724708262, 1669724709312, [20, 10, 25], [1], 31.470603178211686
20, 111.55748032471135, 221, 361, 13, 674, 0, 1669724778171, 1669724779241, [30, 9, 25], [-1], 44.80220093361902
10, 127.77726346887283, 128, 235, 15, 587, 0, 1669724846485, 1669724847618, [20, 11, 25], [-1], 85.52695011303402
10, 146.2502567409495, 85, 139, 10, 282, 0, 1669724913561, 1669724914704, [10, 11, 25], [-1], 152.66206340391392
20, 140.73245021649623, 104, 195, 7, 483, 0, 1669724982748, 1669724983882, [10, 11, 26], [1], 115.16567120826204
20, 93.1206500364034, 210, 327, 8, 838, 0, 1669725041078, 1669725062473, [20, 10, 25], [0], 39.89745074396033
20, 112.12433693886328, 147, 238, 11, 620, 0, 1669725119897, 1669725121539, [20, 10, 25], [0], 67.87187466032886
20, 128.4994778257168, 168, 211, 5, 591, 0, 1669725196755, 1669725199203, [20, 10, 25], [0], 72.7630112263402
30, 88.64210554914659, 295, 477, 27, 1070, 0, 1669725268372, 1669725269433, [20, 9, 25], [1], 26.747768723339348
20, 130.13788943466315, 146, 224, 16, 385, 0, 1669725337238, 1669725338473, [30, 10, 25], [-1], 80.5308721749153
30, 98.86113709346843, 154, 268, 19, 821, 0, 1669725406656, 1669725407717, [20, 11, 25], [1], 55.91693274517445
40, 124.91805011393095, 76, 140, 10, 455, 0, 1669725474515, 1669725476245, [30, 10, 25], [1], 140.67347985803033
30, 127.9112022794715, 108, 168, 10, 401, 0, 1669725544310, 1669725545819, [40, 9, 25], [-1], 106.59266856622625
20, 118.78841078183541, 169, 256, 12, 555, 0, 1669725612706, 1669725613752, [30, 11, 25], [-1], 63.72768818767993
20, 105.41999800637007, 138, 242, 7, 791, 0, 1669725670252, 1669725672046, [20, 11, 25], [0], 66.38538917277711
10, 118.10308973837104, 172, 290, 11, 499, 0, 1669725738768, 1669725739858, [20, 10, 25], [-1], 60.379902729228554
10, 108.29035214107223, 228, 335, 22, 633, 0, 1669725796485, 1669725798144, [10, 10, 25], [0], 43.42034969569857
20, 82.62550126553252, 228, 281, 16, 1256, 0, 1669725888179, 1669725889258, [10, 11, 25], [1], 34.62929642310667
20, 86.84259421593413, 194, 325, 12, 884, 0, 1669725948006, 1669725949091, [20, 9, 25], [0], 39.438053685710315
30, 130.04872566863537, 158, 276, 14, 502, 0, 1669726017272, 1669726018946, [20, 10, 26], [1], 71.61273439902828
40, 94.08243135263417, 229, 409, 26, 869, 0, 1669726086765, 1669726088439, [30, 11, 25], [1], 35.502804284012896
30, 75.5799817771012, 216, 441, 12, 1287, 0, 1669726159374, 1669726161016, [40, 11, 26], [-1], 28.957847424176702
20, 124.2640938410112, 110, 194, 7, 393, 0, 1669726229518, 1669726230715, [30, 10, 25], [-1], 98.00007400710662
20, 76.91827489911914, 346, 470, 23, 1174, 0, 1669726289547, 1669726310855, [20, 10, 26], [0], 20.74387133201703
30, 97.10423662174779, 209, 304, 11, 1029, 0, 1669726398766, 1669726400186, [20, 9, 25], [1], 42.58957746567884
30, 121.92468372639094, 214, 337, 26, 582, 2, 1669726476389, 1669726477888, [30, 9, 25], [0], 51.10003509069192
20, 120.59917162319115, 112, 197, 22, 449, 0, 1669726564663, 1669726566147, [30, 10, 25], [-1], 93.48772994045827
10, 115.50944664991542, 187, 296, 12, 547, 0, 1669726633688, 1669726634750, [20, 10, 26], [-1], 55.320616211645316
10, 123.22435146849878, 111, 171, 16, 534, 0, 1669726702207, 1669726703551, [10, 10, 25], [-1], 100.18239956788517
10, 139.31859547150162, 101, 170, 4, 290, 0, 1669726770061, 1669726771389, [10, 11, 26], [-1], 121.35766156054146
10, 102.23522214250104, 193, 281, 12, 752, 0, 1669726848511, 1669726850304, [10, 11, 26], [0], 48.54473985873744
10, 89.14728627198335, 268, 374, 22, 988, 0, 1669726942032, 1669726944547, [10, 12, 26], [-1], 30.825479347158836
10, 137.36918083716745, 165, 233, 16, 292, 0, 1669727000638, 1669727004168, [10, 10, 26], [0], 76.9144349592203
10, 100.28119705756338, 335, 367, 26, 837, 0, 1669727091443, 1669727094802, [10, 11, 26], [-1], 29.37351993484575
10, 126.75085284365286, 211, 236, 27, 492, 0, 1669727170813, 1669727172910, [10, 10, 26], [0], 58.68095039058004
10, 144.71132863597722, 139, 233, 24, 309, 0, 1669727228618, 1669727229800, [10, 11, 26], [0], 91.7055314549919
10, 104.30318646093778, 252, 361, 13, 680, 0, 1669727297543, 1669727298773, [10, 10, 26], [-1], 38.0946626957406
20, 98.90864339542179, 252, 389, 21, 738, 0, 1669727367300, 1669727368807, [10, 12, 26], [1], 35.40037344145375
20, 98.78973503220007, 256, 376, 16, 681, 0, 1669727426798, 1669727428369, [20, 11, 26], [0], 35.282048225785736
20, 86.99491995990783, 181, 311, 14, 964, 0, 1669727485887, 1669727488276, [20, 11, 26], [0], 42.026531381597984
10, 113.21826251031288, 228, 391, 11, 559, 0, 1669727575024, 1669727576746, [20, 9, 26], [-1], 43.44522736389596
10, 122.33167043463807, 176, 270, 11, 501, 0, 1669727633269, 1669727634326, [10, 10, 26], [0], 62.798598785748496
10, 113.11557453239664, 265, 370, 24, 692, 1, 1669727710709, 1669727712264, [10, 11, 26], [0], 39.550900186152674
10, 96.42431871352079, 309, 349, 27, 979, 0, 1669727790298, 1669727792242, [10, 9, 24], [0], 30.417766155684795
10, 106.95698736230297, 201, 285, 12, 591, 0, 1669727868590, 1669727870256, [10, 10, 24], [0], 49.10789135091964
10, 156.1202892935136, 57, 98, 8, 141, 0, 1669727926321, 1669727927669, [10, 8, 25], [0], 239.44829646244418
20, 124.5058868029655, 164, 257, 13, 405, 0, 1669727995228, 1669727996744, [10, 12, 25], [1], 68.1850420607697
10, 113.65674159030854, 181, 257, 25, 627, 0, 1669728083570, 1669728084651, [20, 10, 25], [-1], 57.929022217282636
10, 141.64910217264324, 179, 277, 15, 448, 0, 1669728151977, 1669728153139, [10, 11, 25], [-1], 71.3238178109986
10, 133.60403654945875, 73, 159, 7, 303, 0, 1669728209248, 1669728211194, [10, 13, 25], [0], 148.11977444507622
20, 130.63908451280244, 76, 150, 10, 366, 0, 1669728278470, 1669728279563, [10, 10, 25], [1], 143.87564373656653
20, 102.01816125536543, 183, 325, 18, 802, 0, 1669728337506, 1669728339026, [20, 10, 26], [0], 48.25835442543303
30, 108.38049731719104, 112, 207, 10, 903, 0, 1669728405695, 1669728407801, [20, 10, 26], [1], 82.73320405892446
40, 77.53376763140989, 248, 448, 15, 1034, 0, 1669728477819, 1669728479232, [30, 9, 26], [1], 26.921447094239543
40, 53.179776723767944, 360, 441, 23, 4946, 0, 1669728557592, 1669728579673, [40, 11, 26], [0], 14.136038469901102
50, 93.48075144691396, 227, 436, 13, 1028, 0, 1669728669367, 1669728670762, [40, 8, 24], [1], 34.7770652704293
50, 90.98957115486925, 366, 565, 19, 955, 0, 1669728730178, 1669728732021, [50, 9, 24], [0], 22.42226987552224
50, 81.70915785810662, 421, 488, 24, 1093, 0, 1669728790288, 1669728812336, [50, 9, 24], [0], 18.809658807114783
40, 88.7009555515305, 252, 434, 13, 1039, 0, 1669728880157, 1669728882483, [50, 8, 24], [-1], 30.75622591939337
30, 80.16678058783323, 241, 418, 18, 1033, 0, 1669728951270, 1669728956362, [40, 10, 24], [-1], 29.003900357392627
40, 97.61544471311915, 160, 284, 17, 923, 1, 1669729043768, 1669729045391, [30, 9, 24], [1], 52.82221034259694
40, 97.57023919568414, 227, 407, 12, 740, 0, 1669729104423, 1669729105995, [40, 9, 24], [0], 37.098950264518685
30, 101.87204976996426, 236, 366, 26, 782, 0, 1669729174174, 1669729175559, [40, 9, 24], [-1], 38.88246174426117
30, 85.2385008994285, 258, 388, 22, 1059, 3, 1669729253981, 1669729255353, [30, 11, 24], [0], 30.013556654728347
30, 122.06259891905238, 171, 246, 15, 540, 0, 1669729313723, 1669729314986, [30, 9, 24], [0], 65.62505318228622
30, 102.22235077980513, 204, 312, 20, 703, 0, 1669729371714, 1669729375049, [30, 10, 25], [0], 45.31132570026822
30, 98.05702463811875, 195, 342, 22, 858, 0, 1669729433919, 1669729435049, [30, 9, 24], [0], 43.69742630932208
40, 93.88567200079986, 310, 531, 21, 891, 0, 1669729503699, 1669729504788, [30, 9, 24], [1], 26.5064009036702
50, 20.19750339946222, 629, 808, 49, 9043, 8, 1669729615578, 1669729637118, [40, 10, 24], [1], 3.0381322803041844
50, 95.25717509436822, 257, 406, 15, 1008, 23, 1669729715598, 1669729716877, [50, 9, 24], [0], 33.21379884740872
50, 93.20472914039856, 177, 298, 9, 911, 0, 1669729775051, 1669729776858, [50, 9, 24], [0], 46.32441806182831
50, 83.23769305870789, 240, 427, 17, 1168, 0, 1669729854869, 1669729856929, [50, 9, 24], [0], 30.006378175453456
60, 61.655643600748874, 300, 567, 16, 1564, 0, 1669729933005, 1669729934673, [50, 8, 24], [1], 17.44641867593347
50, 44.256329113152034, 389, 566, 21, 5219, 0, 1669730024544, 1669730045895, [60, 10, 24], [-1], 10.427975757104626
50, 72.61095656140739, 328, 556, 21, 1222, 0, 1669730106267, 1669730108836, [50, 9, 24], [0], 19.435480878321034
60, 111.98850851985667, 157, 266, 10, 826, 0, 1669730178146, 1669730179306, [50, 9, 23], [1], 62.633394026765465
50, 87.05716297292895, 297, 485, 21, 1018, 0, 1669730249114, 1669730251008, [60, 9, 24], [-1], 26.018279430044515
50, 95.06006696481136, 211, 369, 12, 936, 0, 1669730308888, 1669730310968, [50, 9, 24], [0], 39.183869317729325
40, 83.45674424515234, 277, 462, 14, 1250, 0, 1669730379800, 1669730401602, [50, 9, 24], [-1], 26.578580969793737
30, 121.36638722491253, 156, 238, 14, 428, 0, 1669730468870, 1669730470334, [40, 10, 24], [-1], 70.39813644136458
30, 87.52035500020261, 250, 407, 12, 1028, 0, 1669730529407, 1669730531263, [30, 10, 24], [0], 31.101760838735824
40, 91.8142369749414, 197, 361, 15, 886, 0, 1669730598899, 1669730601036, [30, 10, 24], [1], 39.95397605523994
30, 83.71907470138028, 232, 413, 21, 984, 0, 1669730669951, 1669730672139, [40, 10, 24], [-1], 31.215165809612326
30, 75.86354763776853, 203, 351, 16, 1316, 0, 1669730733532, 1669730734590, [30, 9, 24], [0], 32.61545470239404
40, 57.71422098264535, 389, 558, 24, 1767, 0, 1669730825965, 1669730828264, [30, 10, 24], [1], 13.650477999679596
50, 70.23428538526852, 346, 595, 21, 1346, 0, 1669730899777, 1669730901735, [40, 9, 24], [1], 17.74489271987583
40, 85.1715447756906, 364, 541, 52, 1170, 3, 1669730989800, 1669730992220, [50, 9, 24], [-1], 21.32487350417892
40, 67.37048489977408, 437, 599, 17, 1377, 0, 1669731070478, 1669731074335, [40, 10, 25], [0], 14.352468022959966
40, 72.08640100569777, 265, 415, 28, 1351, 0, 1669731154585, 1669731156243, [40, 9, 25], [0], 24.436068137524668
50, 50.10565828453664, 511, 558, 13, 5113, 0, 1669731244899, 1669731266607, [40, 9, 25], [1], 9.628297133846395
40, 96.94247764351454, 234, 382, 17, 1016, 0, 1669731334319, 1669731356393, [50, 9, 24], [-1], 36.77635722439853
40, 86.198712766141, 313, 489, 18, 1124, 0, 1669731415035, 1669731417603, [40, 9, 24], [0], 24.755517738696437
30, 123.27711109516466, 118, 226, 10, 642, 0, 1669731485246, 1669731486878, [40, 8, 24], [-1], 88.30738617132138
30, 100.47808804513527, 238, 398, 22, 676, 0, 1669731564291, 1669731565677, [30, 9, 24], [0], 37.21410668338343
20, 119.09247148505406, 210, 327, 15, 529, 14, 1669731652528, 1669731653713, [30, 10, 25], [-1], 51.0250520501517
30, 70.36320278392017, 297, 485, 14, 1337, 0, 1669731741736, 1669731744417, [20, 9, 25], [1], 21.029050443490785
20, 82.31761692784372, 350, 429, 17, 1009, 0, 1669731833430, 1669731835381, [30, 8, 25], [-1], 22.503449132816762
10, 101.78612373298725, 188, 277, 19, 741, 0, 1669731922776, 1669731924098, [20, 10, 25], [-1], 49.4587578877489
10, 113.44606722785936, 291, 409, 22, 652, 0, 1669731992325, 1669731993380, [10, 9, 25], [-1], 36.06041552061645
20, 139.7505601346351, 79, 151, 8, 407, 0, 1669732079620, 1669732080716, [10, 12, 25], [1], 149.6258673818363
10, 130.2112582359698, 156, 279, 11, 419, 0, 1669732148047, 1669732149115, [20, 11, 26], [-1], 72.099257052032
20, 114.703805971914, 219, 367, 14, 685, 0, 1669732216152, 1669732217973, [10, 13, 26], [1], 46.1399058615905
10, 104.51587500929777, 222, 295, 10, 968, 0, 1669732305259, 1669732306375, [20, 12, 26], [-1], 44.174080730895085
10, 95.72607819471737, 326, 479, 19, 730, 0, 1669732383804, 1669732385462, [10, 11, 26], [0], 26.844104934020574
10, 125.7470531149813, 182, 249, 13, 498, 0, 1669732441980, 1669732443121, [10, 10, 26], [0], 64.35366075485224
10, 126.3687795637133, 136, 232, 5, 527, 0, 1669732509865, 1669732510987, [10, 12, 26], [-1], 81.42318270857814
10, 112.67553986431658, 178, 241, 13, 745, 0, 1669732598339, 1669732599634, [10, 12, 26], [-1], 59.11623287739589
10, 120.35781902876795, 139, 244, 12, 467, 0, 1669732655490, 1669732657474, [10, 11, 26], [0], 75.22363689297997
10, 124.88652722821026, 160, 247, 10, 507, 0, 1669732713690, 1669732717001, [10, 11, 26], [0], 70.39826788512416
20, 124.89116234742944, 101, 179, 14, 520, 0, 1669732804672, 1669732806186, [10, 8, 26], [1], 107.11077388287258
20, 81.74623763797288, 299, 446, 13, 1185, 0, 1669732883950, 1669732886810, [20, 10, 26], [0], 24.892276990856537
10, 122.5858399618638, 159, 237, 21, 487, 0, 1669732953712, 1669732954832, [20, 8, 26], [-1], 70.20953033325532
10, 99.53822939960517, 249, 406, 13, 817, 0, 1669733032088, 1669733033514, [10, 10, 26], [0], 35.498655278033226
10, 141.86979226194643, 111, 179, 9, 353, 0, 1669733099555, 1669733100945, [10, 9, 25], [-1], 113.86018640605651
10, 113.2082939411561, 216, 337, 19, 580, 0, 1669733168948, 1669733170070, [10, 11, 25], [-1], 47.130846769840176
10, 65.57833866864499, 350, 469, 15, 4773, 0, 1669733278299, 1669733279350, [10, 11, 26], [-1], 17.543696808091223
20, 102.76960582800761, 266, 415, 15, 745, 0, 1669733347479, 1669733348778, [10, 10, 26], [1], 34.74293638539811
10, 127.18504252257947, 109, 195, 7, 349, 0, 1669733414944, 1669733416137, [20, 13, 26], [-1], 100.78054082613271
20, 138.66661414056483, 73, 105, 10, 239, 0, 1669733485023, 1669733486202, [10, 13, 27], [1], 174.64309085713455
20, 107.04971258462297, 187, 281, 18, 606, 0, 1669733544048, 1669733545244, [20, 12, 26], [0], 52.0163812364543
20, 119.32378770088913, 106, 210, 9, 764, 0, 1669733601284, 1669733603742, [20, 10, 26], [0], 94.10393351805135
20, 114.86906193214199, 208, 341, 6, 529, 4, 1669733679996, 1669733681631, [20, 10, 26], [0], 48.96379451497953
20, 90.95334669707304, 300, 438, 17, 1068, 0, 1669733758835, 1669733760415, [20, 10, 26], [0], 27.763536842818386
10, 129.4105797686306, 214, 344, 18, 454, 2, 1669733846047, 1669733847465, [20, 10, 26], [-1], 53.921074903596086
10, 138.8668446977826, 107, 184, 8, 463, 0, 1669733914446, 1669733915529, [10, 11, 26], [-1], 113.45330449165245
10, 101.79450209424488, 254, 333, 15, 712, 0, 1669734002771, 1669734003841, [10, 11, 26], [-1], 37.72961530550218
20, 95.3095935895638, 173, 269, 23, 996, 0, 1669734071346, 1669734092807, [10, 11, 27], [1], 49.58875837126108
30, 97.91456023981758, 219, 389, 13, 962, 0, 1669734162842, 1669734164127, [20, 10, 27], [1], 38.70140720941406
40, 98.02913908519386, 255, 446, 15, 885, 0, 1669734232569, 1669734234429, [30, 11, 27], [1], 33.43422206179872
30, 74.12710503100031, 258, 410, 22, 1192, 0, 1669734303975, 1669734325457, [40, 11, 26], [-1], 25.702879691747683
40, 110.36379557806129, 138, 279, 12, 515, 0, 1669734394816, 1669734396160, [30, 9, 25], [1], 66.40420913240752
50, 73.0542432954828, 352, 587, 28, 1275, 0, 1669734466603, 1669734468790, [40, 11, 24], [1], 18.30933415926887
50, 110.83742661116439, 138, 268, 12, 964, 0, 1669734545914, 1669734547489, [50, 10, 24], [0], 67.58379671412462
40, 67.49325998172048, 376, 597, 28, 1417, 0, 1669734636496, 1669734639796, [50, 9, 24], [-1], 16.06217515033805
40, 85.93506054629265, 235, 410, 16, 1221, 0, 1669734699857, 1669734701663, [40, 9, 24], [0], 31.827800202330607
40, 49.2190129043242, 407, 577, 25, 4933, 29, 1669734780662, 1669734802452, [40, 9, 24], [0], 11.160773901207302
40, 80.69827579072071, 293, 479, 16, 1034, 0, 1669734862337, 1669734864021, [40, 9, 24], [0], 24.4392113236586
50, 78.31429977793445, 337, 600, 14, 1122, 0, 1669734934131, 1669734936049, [40, 9, 24], [1], 20.101206308504736
60, 75.75932179149022, 404, 708, 12, 1420, 0, 1669735024503, 1669735027203, [50, 10, 24], [1], 16.29933773483008
60, 70.94715102677526, 316, 578, 18, 1479, 0, 1669735087065, 1669735090971, [60, 9, 24], [0], 19.258184317800016
60, 72.71324362982376, 285, 538, 12, 1224, 0, 1669735154083, 1669735157001, [60, 8, 24], [0], 21.66663993737299
60, 53.42498934721615, 330, 523, 22, 2593, 2, 1669735234704, 1669735243906, [60, 7, 24], [0], 14.494028580362492
50, 89.57408346180516, 202, 388, 20, 1027, 0, 1669735313332, 1669735314721, [60, 9, 24], [-1], 37.44735930677472
40, 84.517187998408, 205, 362, 18, 1009, 0, 1669735384010, 1669735386031, [50, 9, 24], [-1], 35.75177157293063
30, 110.42187533722822, 225, 369, 40, 584, 11, 1669735473007, 1669735474049, [40, 10, 24], [-1], 43.50743709110647
30, 78.93305199914168, 293, 487, 12, 1009, 0, 1669735552046, 1669735554303, [30, 9, 24], [0], 23.78934659407525
30, 131.78899539613826, 118, 251, 14, 519, 0, 1669735615226, 1669735616362, [30, 8, 25], [0], 91.1403840913819
20, 113.7230105844762, 191, 278, 17, 735, 0, 1669735703760, 1669735704817, [30, 10, 24], [-1], 54.569582814048076
10, 132.5094866644782, 166, 245, 24, 424, 0, 1669735772659, 1669735774021, [20, 9, 24], [-1], 72.88750641610461
10, 116.3483319744544, 161, 252, 8, 505, 0, 1669735840063, 1669735841943, [10, 11, 25], [-1], 64.92652453931606
10, 125.40604381471253, 164, 229, 15, 492, 0, 1669735908076, 1669735909484, [10, 11, 24], [-1], 70.85087221170198
10, 112.24838654272034, 161, 248, 26, 525, 0, 1669735966368, 1669735967476, [10, 11, 25], [0], 62.9194991831392
10, 122.74267305058338, 125, 259, 8, 492, 0, 1669736033632, 1669736035450, [10, 10, 24], [-1], 80.85815088971236
10, 137.8824660608941, 198, 289, 19, 470, 0, 1669736100864, 1669736122335, [10, 10, 24], [-1], 63.77542370994176
10, 130.20435832153922, 102, 159, 7, 385, 0, 1669736178715, 1669736180087, [10, 11, 24], [0], 114.8186581318688
10, 108.33615967634496, 125, 212, 8, 641, 0, 1669736246633, 1669736250286, [10, 10, 24], [-1], 76.07876381765799
10, 61.88356709237039, 321, 319, 17, 4826, 0, 1669736357846, 1669736359468, [10, 10, 24], [-1], 19.302422673852274
10, 147.56583476100076, 100, 143, 9, 237, 0, 1669736425595, 1669736426839, [10, 10, 24], [-1], 135.88014250552555
10, 113.25582476689456, 213, 344, 14, 625, 0, 1669736495127, 1669736496200, [10, 9, 25], [-1], 47.347752828969305
10, 118.11342355881143, 185, 302, 12, 554, 0, 1669736553382, 1669736554435, [10, 10, 26], [0], 56.67630689002468
10, 119.70185126027778, 225, 209, 12, 608, 0, 1669736629852, 1669736632558, [10, 11, 26], [0], 53.968372975778976
20, 102.76322559912705, 173, 312, 12, 728, 0, 1669736700572, 1669736701724, [10, 9, 26], [1], 51.17690517884813
30, 91.62158086703118, 263, 448, 19, 926, 0, 1669736769738, 1669736771842, [20, 12, 26], [1], 30.54052695567706
30, 52.444929504250446, 295, 452, 15, 5011, 12, 1669736869472, 1669736871618, [30, 12, 25], [0], 16.06768673537085
30, 94.61442368470782, 253, 386, 15, 839, 0, 1669736930584, 1669736932788, [30, 9, 25], [0], 33.83920732643341
20, 91.81223763462629, 179, 358, 11, 935, 0, 1669737002127, 1669737003218, [30, 10, 25], [-1], 42.74312739042192
10, 135.40047797573638, 111, 186, 3, 480, 0, 1669737069580, 1669737070805, [20, 10, 24], [-1], 107.46069680613996
20, 106.82952125125284, 265, 377, 25, 554, 0, 1669737139711, 1669737141502, [10, 13, 24], [1], 37.17102339987921
20, 109.07885337533166, 168, 274, 15, 656, 0, 1669737198789, 1669737200239, [20, 12, 25], [0], 57.652670917194314
10, 126.50038833135, 234, 347, 20, 426, 0, 1669737267334, 1669737268681, [20, 9, 24], [-1], 49.298670433106
10, 114.79700657598922, 199, 335, 32, 575, 0, 1669737335092, 1669737336773, [10, 12, 26], [-1], 50.75022395048152
20, 150.28743109085806, 79, 114, 8, 152, 0, 1669737403086, 1669737404137, [10, 12, 25], [1], 174.75282684983495
20, 147.02714199267461, 61, 117, 6, 308, 0, 1669737479304, 1669737480365, [20, 11, 26], [0], 203.63870082087897
10, 62.123569895160514, 341, 405, 28, 4912, 2, 1669737587279, 1669737589472, [20, 10, 26], [-1], 17.55895135533084
10, 136.88570571281062, 126, 202, 19, 484, 0, 1669737645577, 1669737646626, [10, 10, 26], [0], 96.9445507881095
10, 118.59821057915742, 206, 313, 15, 657, 0, 1669737714107, 1669737715181, [10, 13, 26], [-1], 52.154006411238974
20, 86.36140940045091, 268, 426, 20, 1026, 0, 1669737784912, 1669737786208, [10, 11, 26], [1], 28.825570560898168
20, 58.27087991565229, 340, 535, 14, 1771, 1, 1669737866739, 1669737869042, [20, 12, 25], [0], 15.374902352414852
30, 99.92116333656767, 141, 265, 9, 1095, 0, 1669737959166, 1669737960448, [20, 9, 25], [1], 60.26608162639787
30, 114.5587559008441, 212, 358, 8, 751, 0, 1669738019805, 1669738020878, [30, 9, 25], [0], 47.495338267348295
20, 123.97692277223348, 190, 280, 25, 369, 9, 1669738107376, 1669738108758, [30, 10, 26], [-1], 59.604289794343025
10, 133.7345127617185, 170, 263, 16, 399, 0, 1669738175889, 1669738177173, [20, 10, 26], [-1], 70.90907357461214
10, 114.89910223406305, 190, 313, 9, 458, 0, 1669738246369, 1669738248059, [10, 12, 26], [-1], 53.54105416312351
10, 148.9016087340678, 91, 150, 9, 263, 0, 1669738313933, 1669738315012, [10, 12, 26], [-1], 144.84592289306207
20, 94.01570144113724, 367, 478, 45, 872, 0, 1669738402258, 1669738403850, [10, 11, 26], [1], 24.15614117192632
10, 129.04325380069395, 181, 286, 12, 506, 0, 1669738470674, 1669738471848, [20, 10, 26], [-1], 63.88279891123463
10, 99.96570515186299, 185, 268, 18, 714, 0, 1669738539446, 1669738540901, [10, 12, 26], [-1], 49.58616326977331
10, 113.54885572675396, 167, 264, 28, 635, 0, 1669738607970, 1669738609355, [10, 13, 27], [-1], 60.91676809375212
10, 127.67085106945814, 97, 164, 7, 653, 0, 1669738665877, 1669738667672, [10, 10, 26], [0], 115.64388683827728
10, 118.86467175963412, 198, 338, 15, 514, 0, 1669738723826, 1669738725931, [10, 9, 26], [0], 52.59498750426288
20, 90.44799905293726, 189, 353, 11, 863, 0, 1669738794199, 1669738795253, [10, 11, 25], [1], 40.7790798254902
20, 100.92878438338819, 144, 257, 10, 856, 0, 1669738853364, 1669738855128, [20, 9, 26], [0], 60.58150323132544
10, 150.26811566880193, 104, 167, 9, 307, 0, 1669738922889, 1669738923934, [20, 10, 26], [-1], 128.8748847931406
10, 106.19756377263975, 234, 345, 14, 612, 0, 1669738991828, 1669738993076, [10, 12, 26], [-1], 41.4510397239031
20, 110.43160809923634, 192, 297, 18, 642, 0, 1669739060875, 1669739062511, [10, 11, 26], [1], 51.8458253987025
10, 160.8313384506419, 64, 106, 9, 178, 0, 1669739128192, 1669739129260, [20, 11, 27], [-1], 222.14273266663244
10, 118.76440509794043, 178, 307, 16, 577, 0, 1669739186650, 1669739187915, [10, 10, 26], [0], 58.274977967586075
10, 158.9894587414131, 71, 115, 11, 189, 0, 1669739254126, 1669739255173, [10, 11, 26], [-1], 199.23491070352517
10, 108.324464529642, 220, 334, 24, 596, 0, 1669739322741, 1669739324069, [10, 11, 26], [-1], 44.61468885075865
10, 100.30984209711691, 215, 375, 20, 659, 0, 1669739392326, 1669739393739, [10, 12, 26], [-1], 40.61127210409592
20, 118.63183141178729, 146, 251, 13, 467, 0, 1669739461313, 1669739462858, [10, 11, 26], [1], 71.03702479747741
20, 132.87001206498834, 92, 150, 13, 459, 0, 1669739538212, 1669739539504, [20, 11, 27], [0], 128.2529073986374
10, 97.03322117324244, 332, 514, 32, 775, 0, 1669739607228, 1669739609019, [20, 10, 26], [-1], 26.3390936952341
10, 132.03658702349244, 121, 215, 11, 334, 0, 1669739665359, 1669739666628, [10, 12, 27], [0], 94.44677183368557
10, 115.69480230673199, 235, 348, 41, 577, 0, 1669739734128, 1669739735649, [10, 12, 27], [-1], 44.91257853522204
10, 130.59411747579256, 205, 262, 43, 386, 0, 1669739793878, 1669739794990, [10, 11, 27], [0], 60.34848312190044
10, 95.54448361138309, 400, 370, 22, 1089, 0, 1669739883327, 1669739884391, [10, 11, 27], [-1], 24.24986893689926
10, 133.49359667769417, 182, 311, 24, 457, 0, 1669739950422, 1669739951929, [10, 11, 27], [-1], 64.24138434922722
10, 155.4117335002532, 41, 62, 4, 179, 0, 1669740018103, 1669740019432, [10, 11, 27], [-1], 343.8312688058699
20, 116.45531144136274, 161, 294, 13, 747, 0, 1669740088631, 1669740089704, [10, 10, 28], [1], 62.07639202631275
20, 78.62474761888606, 302, 354, 23, 1366, 0, 1669740148308, 1669740170062, [20, 10, 26], [0], 25.167972989400145
30, 105.92987765894445, 273, 413, 17, 894, 0, 1669740236956, 1669740258436, [20, 9, 26], [1], 35.19265038503138
30, 101.32477762068943, 187, 313, 18, 846, 0, 1669740316000, 1669740318043, [30, 9, 26], [0], 47.74965957619672
20, 125.6264185913924, 141, 247, 19, 510, 0, 1669740385930, 1669740387328, [30, 11, 26], [-1], 77.45155276904586
10, 128.68146959902498, 124, 182, 8, 424, 0, 1669740474165, 1669740475521, [20, 10, 25], [-1], 94.89783893733406
10, 139.46630629982093, 183, 267, 26, 438, 0, 1669740531394, 1669740532908, [10, 9, 26], [0], 69.80295610601648
20, 103.64740397668757, 214, 330, 14, 716, 0, 1669740599935, 1669740601879, [10, 11, 26], [1], 43.69620741007064
20, 136.35736819129608, 77, 153, 8, 368, 0, 1669740659238, 1669740660332, [20, 10, 26], [0], 147.89302406865085
20, 92.23000778761374, 377, 490, 22, 941, 18, 1669740738494, 1669740740142, [20, 9, 26], [0], 23.080582529432867
20, 36.271630204773246, 373, 504, 25, 5375, 0, 1669740820958, 1669740842461, [20, 9, 26], [0], 9.08607971061454
30, 149.9822009669411, 94, 199, 10, 372, 0, 1669740910597, 1669740911712, [20, 9, 25], [1], 130.41930518864442
20, 84.05569109097112, 261, 413, 21, 938, 0, 1669740999826, 1669741001742, [30, 10, 25], [-1], 28.845467086812327
30, 96.02189419584518, 214, 338, 27, 747, 0, 1669741069048, 1669741072296, [20, 10, 25], [1], 40.21017344884639
30, 105.0461054017114, 202, 324, 12, 652, 0, 1669741130754, 1669741132553, [30, 9, 25], [0], 46.398456449519166
20, 73.48051725221555, 346, 472, 24, 1233, 0, 1669741201835, 1669741223474, [30, 11, 26], [-1], 19.795397966652896
20, 123.9749578822056, 137, 238, 8, 541, 0, 1669741299533, 1669741300821, [20, 10, 26], [0], 78.86447702430381
20, 90.26575850465281, 325, 329, 25, 838, 9, 1669741378216, 1669741379854, [20, 10, 26], [0], 27.705880449555803
10, 106.9392649427115, 341, 504, 17, 681, 0, 1669741448951, 1669741450015, [20, 10, 25], [-1], 28.624000252331772
10, 145.77013631574079, 115, 165, 9, 407, 0, 1669741515732, 1669741516795, [10, 15, 26], [-1], 116.61610905259263
20, 88.05724283692712, 261, 443, 18, 987, 0, 1669741584803, 1669741606382, [10, 11, 26], [1], 29.60902583622297
10, 143.72391164092727, 75, 120, 8, 272, 0, 1669741673038, 1669741674092, [20, 9, 26], [-1], 171.09989481062772
10, 125.0758148806761, 162, 269, 8, 440, 0, 1669741741768, 1669741742816, [10, 12, 26], [-1], 68.19837234497061
10, 106.72230961611902, 127, 246, 16, 652, 0, 1669741809908, 1669741811869, [10, 11, 26], [-1], 70.7707623449065
10, 143.29387179011687, 151, 226, 14, 280, 0, 1669741878106, 1669741880525, [10, 12, 26], [-1], 86.32160951211858
10, 152.79779982822578, 83, 148, 8, 253, 0, 1669741935803, 1669741936906, [10, 10, 26], [0], 159.16437482106852
10, 131.03400492832316, 135, 233, 12, 394, 0, 1669741994308, 1669741995836, [10, 13, 27], [0], 84.75679490835908
20, 107.53652000745589, 253, 377, 40, 624, 0, 1669742064278, 1669742065706, [10, 12, 27], [1], 38.71005039865223
10, 119.48800236832008, 188, 282, 19, 508, 0, 1669742133312, 1669742134475, [20, 13, 27], [-1], 57.77949824386851
20, 104.01792763658405, 207, 311, 18, 719, 0, 1669742202506, 1669742203590, [10, 13, 27], [1], 45.661952430458314
30, 101.2874975194267, 226, 376, 16, 874, 0, 1669742272819, 1669742274561, [20, 11, 27], [1], 39.56542871852605
30, 85.09987885714528, 262, 457, 15, 963, 0, 1669742352088, 1669742354080, [30, 10, 27], [0], 28.272385002373852
20, 109.76417628720912, 140, 223, 18, 686, 0, 1669742420981, 1669742422997, [30, 9, 26], [-1], 70.09206659464185
20, 105.35874553763406, 199, 313, 9, 678, 0, 1669742480846, 1669742482890, [20, 10, 26], [0], 47.50168870046621
20, 102.50841665249531, 269, 389, 18, 719, 0, 1669742539868, 1669742542285, [20, 10, 25], [0], 34.98580773122707
30, 102.90058968274612, 149, 282, 9, 892, 0, 1669742611363, 1669742612425, [20, 11, 25], [1], 58.59942464848867
30, 85.45742091935874, 175, 349, 11, 991, 0, 1669742670404, 1669742673193, [30, 9, 25], [0], 40.73280310741598
20, 109.33435254251758, 196, 305, 16, 675, 0, 1669742741605, 1669742742996, [30, 10, 25], [-1], 50.19942724633497
30, 114.79981313637195, 214, 352, 10, 631, 0, 1669742810115, 1669742811997, [20, 11, 25], [1], 47.516478947173816
30, 134.65091304564672, 92, 191, 8, 460, 0, 1669742867307, 1669742872555, [30, 11, 26], [0], 120.4390993252654
30, 141.90780038598072, 130, 201, 12, 330, 0, 1669742928517, 1669742929843, [30, 9, 25], [0], 98.41040248681048
20, 94.813651721015, 237, 363, 19, 808, 0, 1669742997433, 1669742999330, [30, 9, 26], [-1], 36.16081301335431
30, 67.83719170337199, 328, 589, 29, 1577, 0, 1669743089513, 1669743092056, [20, 11, 25], [1], 17.842501763117298
