100, 70, 112.61602098466506, 658, 996, 22, 1413, 0, 1675808649025, 1675808650678, [100, 2, 5], [0, 0], 15.520399804942814
90, 60, 146.75536591130182, 443, 817, 18, 1027, 0, 1675808690430, 1675808691872, [100, 13, 6], [-1, -1], 28.342094614001894
80, 70, 184.11977529422728, 28, 51, 9, 172, 0, 1675808730322, 1675808731393, [90, 11, 6], [-1, 1], 564.7845867921081
80, 80, 180.76391694798167, 45, 79, 8, 270, 0, 1675808770498, 1675808771551, [80, 8, 6], [0, 1], 348.96509063316927
70, 70, 161.45849117555838, 71, 180, 9, 493, 0, 1675808811043, 1675808812103, [80, 7, 6], [-1, -1], 173.9854430771103
70, 60, 191.571056989637, 31, 50, 8, 171, 0, 1675808850651, 1675808851698, [70, 5, 6], [0, -1], 550.4915430736696
60, 60, 190.2045128123496, 25, 52, 9, 146, 0, 1675808890458, 1675808891513, [70, 5, 6], [-1, 0], 625.672739514308
50, 60, 186.89059785787236, 26, 43, 9, 74, 0, 1675808930633, 1675808931685, [60, 5, 6], [-1, 0], 635.6823056390216
60, 50, 188.45280513287565, 32, 72, 8, 288, 0, 1675808970255, 1675808971299, [50, 5, 6], [1, -1], 471.13201283218916
50, 50, 190.74977304688423, 18, 32, 9, 45, 0, 1675809009768, 1675809010807, [60, 5, 6], [-1, -1], 917.0662165715587
50, 50, 190.116817025214, 27, 53, 8, 157, 0, 1675809034922, 1675809035961, [50, 5, 6], [0, 0], 590.4248975938323
50, 60, 189.06023838030058, 47, 77, 9, 266, 0, 1675809074346, 1675809075514, [50, 6, 6], [0, 1], 356.7174309062275
50, 70, 177.0685678731656, 93, 136, 9, 371, 0, 1675809114117, 1675809115438, [50, 7, 6], [0, 1], 174.28008648933618
50, 60, 180.3548682833429, 40, 65, 9, 170, 0, 1675809153927, 1675809155644, [50, 6, 6], [0, -1], 400.7885961852065
60, 60, 190.47774539656106, 62, 107, 10, 343, 0, 1675809194125, 1675809195173, [50, 4, 6], [1, 0], 268.27851464304376
50, 60, 157.34828234828234, 102, 180, 9, 688, 0, 1675809233994, 1675809235856, [60, 4, 6], [-1, 0], 133.79955981996795
50, 50, 176.1965621990072, 52, 76, 10, 257, 0, 1675809274641, 1675809275688, [50, 5, 6], [0, -1], 310.20521513909716
40, 50, 170.78475960409912, 104, 192, 13, 535, 0, 1675809314379, 1675809316049, [50, 6, 6], [-1, -1], 140.44799309547625
50, 60, 189.76169064343435, 64, 109, 11, 375, 0, 1675809354397, 1675809355599, [40, 5, 7], [1, 1], 259.9475214293621
60, 50, 164.67450677976993, 128, 225, 14, 710, 0, 1675809394338, 1675809395836, [50, 6, 7], [1, -1], 111.71947542725232
60, 50, 155.10532510268297, 110, 181, 26, 664, 0, 1675809434763, 1675809436107, [60, 6, 7], [0, -1], 124.88351457542912
50, 50, 188.60877684407095, 54, 95, 11, 144, 0, 1675809474565, 1675809475617, [60, 6, 7], [-1, -1], 303.22954476538735
60, 60, 146.2598916831979, 50, 84, 8, 665, 0, 1675809514776, 1675809516319, [50, 6, 7], [1, 1], 257.4998093014048
50, 60, 185.18582025315587, 91, 184, 11, 676, 0, 1675809554860, 1675809556419, [60, 5, 7], [-1, 0], 168.96516446455828
40, 60, 190.65846235495007, 18, 36, 8, 142, 0, 1675809594894, 1675809595936, [50, 5, 7], [-1, 0], 882.6780664581021
40, 60, 173.71332812143473, 43, 91, 9, 216, 0, 1675809620357, 1675809621401, [40, 5, 7], [0, 0], 330.2534755160357
30, 50, 179.06637228026932, 110, 219, 10, 675, 0, 1675809660571, 1675809661654, [40, 5, 7], [-1, -1], 135.86219444633483
40, 50, 184.3728523065697, 24, 44, 9, 160, 0, 1675809700289, 1675809701330, [30, 6, 7], [1, -1], 658.4744725234632
50, 50, 180.35465419714177, 32, 56, 10, 162, 0, 1675809740005, 1675809741069, [40, 6, 7], [1, 0], 490.0941690139722
40, 50, 166.12257103445233, 90, 193, 8, 576, 0, 1675809780415, 1675809781455, [50, 4, 7], [-1, -1], 150.2012396333204
40, 60, 167.60477225160054, 48, 83, 10, 292, 0, 1675809820250, 1675809821504, [40, 5, 7], [0, 1], 304.7359495483646
30, 70, 178.05462870907627, 40, 93, 9, 299, 0, 1675809860283, 1675809861330, [40, 5, 7], [-1, 1], 351.88661800212697
20, 60, 177.47819687788683, 41, 57, 9, 266, 0, 1675809900108, 1675809901157, [30, 5, 6], [-1, -1], 401.53438207666704
20, 70, 184.86008695681875, 26, 46, 9, 184, 0, 1675809939814, 1675809940871, [20, 4, 6], [0, 1], 616.2002898560626
10, 80, 190.9343113058631, 25, 48, 8, 154, 0, 1675809979384, 1675809980426, [20, 5, 6], [-1, 1], 645.0483490062942
10, 70, 183.6791120012678, 21, 33, 8, 138, 0, 1675810018996, 1675810020061, [10, 4, 6], [0, -1], 784.953470090888
10, 70, 188.14941860413666, 16, 28, 8, 44, 0, 1675810043657, 1675810044725, [10, 4, 6], [0, 0], 1022.55118806596
20, 60, 191.02266455635578, 19, 38, 9, 65, 0, 1675810083294, 1675810084338, [10, 5, 6], [1, -1], 837.8187041945429
10, 70, 191.571056989637, 21, 36, 8, 51, 0, 1675810122724, 1675810123771, [20, 4, 6], [-1, 1], 798.2127374568208
20, 80, 191.38826084846352, 18, 32, 8, 56, 0, 1675810162172, 1675810163232, [10, 4, 5], [1, 1], 920.1358694637669
30, 70, 186.39571602248202, 21, 38, 8, 136, 0, 1675810201683, 1675810202946, [20, 4, 5], [1, -1], 763.9168689445984
40, 60, 190.11561450986946, 14, 25, 8, 38, 0, 1675810241409, 1675810242459, [30, 4, 5], [1, -1], 1173.5531759868484
40, 60, 191.75473044028212, 20, 38, 8, 70, 0, 1675810266255, 1675810267296, [40, 4, 5], [0, 0], 812.5200442384836
30, 60, 191.6630697315615, 34, 73, 8, 323, 0, 1675810305814, 1675810306860, [40, 4, 5], [-1, 0], 458.5240902668935
40, 50, 190.20485687152353, 16, 26, 8, 39, 0, 1675810345328, 1675810346372, [30, 4, 5], [1, -1], 1056.6936492862417
30, 50, 191.29607435937316, 20, 37, 8, 139, 0, 1675810384827, 1675810385873, [40, 4, 5], [-1, 0], 817.5045912793726
40, 50, 190.29564628547786, 54, 95, 8, 364, 0, 1675810424338, 1675810425382, [30, 4, 5], [1, -1], 305.94155351362997
30, 50, 177.33990147783248, 33, 70, 9, 249, 0, 1675810464272, 1675810465492, [40, 4, 5], [-1, 0], 438.9601521728526
30, 50, 191.66377380184886, 17, 33, 8, 68, 0, 1675810488837, 1675810489879, [30, 4, 5], [0, 0], 948.8305633754893
30, 50, 188.59032952181104, 17, 35, 8, 64, 0, 1675810513264, 1675810514326, [30, 4, 5], [0, 0], 915.4870365136456
20, 50, 191.38826084846352, 15, 23, 8, 38, 0, 1675810552798, 1675810553842, [30, 4, 5], [-1, -1], 1152.9413304124307
30, 50, 187.8258845232353, 15, 28, 8, 43, 0, 1675810592489, 1675810593541, [20, 4, 5], [1, -1], 1067.1925257002003
40, 50, 191.66623808859077, 19, 34, 8, 48, 0, 1675810632054, 1675810633104, [30, 4, 5], [1, 0], 871.2101731299581
40, 50, 190.65846235495007, 21, 35, 8, 144, 0, 1675810656479, 1675810657532, [40, 4, 5], [0, 0], 801.0859762813029
40, 50, 191.11362723255053, 14, 22, 8, 39, 0, 1675810680944, 1675810681991, [40, 4, 5], [0, 0], 1225.087354054811
50, 50, 191.93857965451056, 20, 36, 8, 154, 0, 1675810720457, 1675810721500, [40, 5, 5], [1, 0], 827.3214640280628
40, 50, 183.4617313444872, 43, 90, 9, 308, 0, 1675810760280, 1675810761322, [50, 4, 5], [-1, -1], 350.1178079093267
40, 50, 190.5673259200616, 25, 45, 8, 106, 0, 1675810784683, 1675810785745, [40, 4, 5], [0, 0], 657.1287100691779
30, 50, 179.88972993178209, 23, 38, 10, 133, 0, 1675810824319, 1675810825510, [40, 5, 5], [-1, 0], 691.8835766607002
20, 50, 159.11906017219542, 119, 205, 11, 735, 0, 1675810864410, 1675810866124, [30, 4, 5], [-1, -1], 116.82750379750031
30, 50, 189.03743673812147, 46, 86, 8, 297, 0, 1675810904695, 1675810905742, [20, 5, 5], [1, 0], 350.06932729281755
20, 50, 189.84855365496762, 22, 43, 9, 66, 0, 1675810944517, 1675810945560, [30, 5, 5], [-1, 0], 724.6128002098
30, 50, 188.09825325966227, 18, 28, 9, 53, 0, 1675810984010, 1675810985090, [20, 4, 5], [1, -1], 940.4912662983113
40, 50, 191.20476366743898, 26, 58, 8, 250, 0, 1675811023489, 1675811024544, [30, 4, 5], [1, -1], 590.1381594674041
40, 50, 188.2133805017666, 45, 71, 9, 183, 0, 1675811048108, 1675811049192, [40, 4, 5], [0, 0], 374.9270527923637
30, 50, 190.74873198029385, 23, 50, 8, 152, 0, 1675811087614, 1675811089201, [40, 4, 5], [-1, 0], 671.6504647193445
30, 50, 185.6823092816179, 27, 46, 8, 141, 0, 1675811112993, 1675811114043, [30, 4, 5], [0, 0], 602.8646405247333
30, 50, 190.47619047619045, 13, 22, 8, 36, 0, 1675811152477, 1675811153529, [30, 4, 5], [0, -1], 1287.0012870012868
30, 50, 191.1143252650764, 21, 35, 8, 139, 0, 1675811191943, 1675811193009, [30, 4, 5], [0, -1], 803.0013666599848
30, 50, 185.01640929532027, 16, 30, 8, 62, 0, 1675811231574, 1675811232660, [30, 4, 5], [0, -1], 984.1298366772355
30, 50, 191.75473044028212, 15, 25, 8, 39, 0, 1675811271136, 1675811272178, [30, 4, 5], [0, -1], 1127.9690025898947
30, 50, 190.4789547966229, 22, 44, 9, 73, 0, 1675811310618, 1675811311676, [30, 4, 5], [0, -1], 721.5111924114503
40, 50, 190.85081585081588, 76, 135, 9, 799, 0, 1675811350576, 1675811351616, [30, 4, 5], [1, -1], 217.36994971619117
30, 50, 157.53628617811205, 90, 157, 10, 506, 0, 1675811391193, 1675811392271, [40, 4, 5], [-1, 0], 152.35617618772926
20, 50, 191.38826084846352, 28, 53, 8, 159, 0, 1675811430707, 1675811431754, [30, 5, 5], [-1, 0], 579.9644268135257
30, 50, 188.6995662580253, 16, 27, 8, 51, 0, 1675811470373, 1675811471419, [20, 4, 5], [1, -1], 1036.8108036155236
30, 50, 189.1348088531187, 17, 30, 8, 51, 0, 1675811494823, 1675811495868, [30, 4, 5], [0, 0], 964.9735145567281
20, 50, 189.31656094326775, 37, 62, 9, 186, 0, 1675811534440, 1675811535488, [30, 4, 5], [-1, -1], 450.7537165315899
30, 50, 178.66690073972407, 41, 65, 9, 433, 0, 1675811574326, 1675811575436, [20, 4, 5], [1, -1], 390.1024033618429
40, 50, 176.9912890526189, 64, 117, 12, 466, 0, 1675811614156, 1675811615287, [30, 4, 5], [1, -1], 237.2537386764328
50, 50, 190.47636324386687, 28, 61, 8, 144, 0, 1675811653753, 1675811654803, [40, 5, 5], [1, 0], 550.5097203579967
50, 50, 191.20476366743898, 18, 32, 8, 53, 0, 1675811678189, 1675811679697, [50, 5, 5], [0, 0], 919.2536714780721
40, 50, 189.57771787960468, 27, 46, 8, 231, 0, 1675811718140, 1675811719277, [50, 4, 5], [-1, -1], 615.5120710376774
40, 60, 175.9182034411392, 84, 159, 11, 673, 0, 1675811757883, 1675811759741, [40, 4, 5], [0, 1], 177.69515499104972
50, 60, 189.75400391750202, 30, 52, 11, 141, 0, 1675811798164, 1675811800041, [40, 5, 5], [1, 0], 551.6104765043664
40, 60, 186.13344789476054, 52, 92, 11, 214, 0, 1675811838582, 1675811839659, [50, 5, 5], [-1, 0], 310.2224131579342
40, 70, 188.00247371675943, 33, 56, 11, 91, 0, 1675811878104, 1675811879372, [40, 5, 6], [0, 1], 500.0065790339346
30, 80, 182.26768544098493, 46, 79, 10, 238, 0, 1675811917976, 1675811919253, [40, 5, 6], [-1, 1], 346.51651224521845
40, 70, 139.32483196083655, 180, 325, 10, 786, 0, 1675811959495, 1675811960789, [30, 5, 6], [1, -1], 66.66259902432371
50, 70, 164.14422060121103, 129, 252, 11, 683, 0, 1675811999553, 1675812000832, [40, 6, 6], [1, 0], 106.86472695391342
40, 80, 190.84038969316214, 13, 21, 7, 65, 0, 1675812039207, 1675812040247, [50, 7, 6], [-1, 1], 1307.1259568024802
40, 70, 191.84656691258607, 12, 20, 7, 32, 0, 1675812078697, 1675812079740, [40, 5, 6], [0, -1], 1410.636521416074
50, 70, 191.29607435937316, 13, 23, 7, 39, 0, 1675812118164, 1675812119628, [40, 4, 6], [1, 0], 1275.3071623958213
50, 60, 176.0683337153051, 57, 93, 11, 252, 0, 1675812158228, 1675812159402, [50, 4, 6], [0, -1], 274.2497409895718
60, 70, 155.57309479961413, 93, 161, 12, 619, 0, 1675812198408, 1675812199985, [50, 5, 6], [1, 1], 145.94098949307138
60, 70, 140.50312012480498, 155, 272, 12, 1125, 0, 1675812224337, 1675812226225, [60, 5, 6], [0, 0], 78.75735433004763
60, 80, 133.06428416548295, 132, 238, 12, 680, 0, 1675812265752, 1675812267284, [60, 7, 6], [0, 1], 86.85658235344839
70, 90, 173.5014947878567, 51, 83, 10, 308, 0, 1675812306141, 1675812307402, [60, 6, 6], [1, 1], 302.2674125223984
80, 80, 162.70178835078661, 81, 149, 13, 666, 0, 1675812346792, 1675812347888, [70, 5, 6], [1, -1], 171.98920544480615
90, 90, 192.2153255006281, 13, 24, 7, 45, 0, 1675812386438, 1675812387479, [80, 5, 6], [1, 1], 1264.5745098725533
80, 90, 191.20616173738034, 14, 23, 7, 54, 0, 1675812426256, 1675812427301, [90, 5, 6], [-1, 0], 1210.1655806163312
80, 80, 191.29817447930486, 19, 35, 7, 146, 0, 1675812466113, 1675812467153, [80, 4, 6], [0, -1], 861.7034886455173
90, 90, 189.84684306414786, 16, 30, 8, 49, 0, 1675812506019, 1675812507069, [80, 4, 6], [1, 1], 1009.8236333199354
90, 100, 190.3866089616726, 12, 21, 7, 130, 0, 1675812545616, 1675812546660, [90, 4, 6], [0, 1], 1379.6131084179174
80, 100, 191.48027359038804, 13, 21, 7, 37, 0, 1675812585090, 1675812586132, [90, 4, 5], [-1, 1], 1311.5087232218357
90, 90, 192.2163907654849, 13, 23, 7, 43, 0, 1675812624554, 1675812625602, [80, 4, 5], [1, -1], 1281.4426051032326
80, 80, 181.29352190916654, 33, 55, 8, 154, 0, 1675812664401, 1675812665574, [90, 4, 5], [-1, -1], 484.74203719028475
80, 90, 120.15637576175692, 149, 233, 22, 1069, 0, 1675812705460, 1675812707258, [80, 4, 5], [0, 1], 72.47067295642758
70, 90, 191.6630697315615, 17, 32, 7, 130, 0, 1675812745910, 1675812746950, [80, 6, 6], [-1, 0], 958.3153486578075
80, 90, 190.57217047084671, 14, 24, 7, 51, 0, 1675812785475, 1675812786532, [70, 5, 5], [1, 0], 1191.076065442792
80, 80, 191.11851356731427, 16, 30, 7, 49, 0, 1675812824987, 1675812826040, [80, 4, 5], [0, -1], 1016.587838124012
90, 70, 191.75473044028212, 15, 27, 8, 38, 0, 1675812864455, 1675812865498, [80, 4, 5], [1, -1], 1102.0386806912766
90, 70, 189.95819296180542, 13, 25, 7, 51, 0, 1675812889101, 1675812890141, [90, 4, 5], [0, 0], 1233.494759492243
90, 80, 192.2153255006281, 12, 20, 7, 49, 0, 1675812928568, 1675812929611, [90, 4, 5], [0, 1], 1413.3479816222653
100, 70, 187.94470241353133, 20, 35, 9, 51, 0, 1675812968133, 1675812969310, [90, 4, 5], [1, -1], 817.1508800588318
100, 60, 190.5669798901448, 11, 17, 7, 30, 0, 1675813007708, 1675813009211, [100, 4, 5], [0, -1], 1562.0244253290557
100, 70, 188.8601070920626, 13, 21, 8, 46, 0, 1675813047601, 1675813048952, [100, 4, 5], [0, 1], 1293.5623773428943
90, 70, 179.71707030605802, 20, 35, 8, 133, 0, 1675813087520, 1675813088800, [100, 4, 5], [-1, 0], 781.3785665480783
80, 70, 190.5673259200616, 11, 19, 7, 34, 0, 1675813127224, 1675813128452, [90, 4, 5], [-1, 0], 1512.4390946036633
90, 60, 190.57217047084671, 14, 28, 7, 50, 0, 1675813166911, 1675813167988, [80, 4, 5], [1, -1], 1134.3581575645637
80, 60, 191.75525925108815, 14, 24, 7, 42, 0, 1675813206519, 1675813207565, [90, 4, 5], [-1, 0], 1198.4703703193009
70, 50, 191.47922051733303, 12, 20, 7, 28, 0, 1675813246189, 1675813247235, [80, 3, 5], [-1, -1], 1407.9354449803898
60, 60, 190.02379585396062, 17, 30, 8, 56, 0, 1675813285702, 1675813286756, [70, 4, 5], [-1, 1], 969.5091625202072
60, 50, 188.419688659318, 12, 22, 7, 38, 0, 1675813325370, 1675813326426, [60, 4, 5], [0, -1], 1345.8549189951284
60, 50, 191.75473044028212, 21, 48, 7, 153, 0, 1675813364875, 1675813365918, [60, 4, 5], [0, -1], 726.3436759101594
60, 60, 186.88800069101444, 28, 61, 7, 156, 0, 1675813404538, 1675813405579, [60, 4, 5], [0, 1], 540.138730320851
60, 50, 189.85573847304445, 13, 24, 7, 39, 0, 1675813444008, 1675813445072, [60, 4, 5], [0, -1], 1249.0509110068713
60, 60, 192.30840350740942, 17, 29, 7, 147, 0, 1675813484471, 1675813485515, [60, 3, 5], [0, 1], 991.2804304505639
60, 50, 189.57771787960468, 17, 32, 8, 52, 0, 1675813524330, 1675813525370, [60, 4, 5], [0, -1], 947.8885893980234
60, 50, 189.34506143633416, 22, 55, 8, 160, 0, 1675813564364, 1675813565405, [60, 4, 5], [0, -1], 662.0456693578118
60, 50, 191.6630697315615, 11, 16, 8, 26, 0, 1675813603814, 1675813604857, [60, 4, 5], [0, -1], 1597.1922477630126
60, 50, 191.571056989637, 16, 29, 7, 54, 0, 1675813643550, 1675813644594, [60, 4, 5], [0, -1], 1029.9519192991236
60, 50, 188.76933794432952, 12, 18, 7, 42, 0, 1675813683091, 1675813684154, [60, 4, 5], [0, -1], 1430.0707420024964
60, 50, 191.47922051733303, 17, 30, 8, 171, 0, 1675813722574, 1675813723620, [60, 4, 5], [0, -1], 976.9347985578214
60, 50, 191.93857965451056, 12, 21, 7, 39, 0, 1675813762020, 1675813763078, [60, 4, 5], [0, -1], 1390.859272858772
60, 60, 191.4795715403977, 12, 19, 7, 46, 0, 1675813801531, 1675813802583, [60, 3, 5], [0, 1], 1428.9520264208782
60, 50, 189.9336945620883, 10, 15, 7, 27, 0, 1675813841043, 1675813842085, [60, 4, 5], [0, -1], 1726.6699505644392
60, 50, 191.93928676687298, 13, 22, 7, 40, 0, 1675813880633, 1675813881673, [60, 4, 5], [0, -1], 1296.8870727491417
60, 50, 177.13812099608646, 21, 47, 7, 156, 0, 1675813920644, 1675813921688, [60, 4, 5], [0, -1], 676.0996984583452
60, 50, 191.02824098021023, 12, 22, 7, 41, 0, 1675813960378, 1675813961420, [60, 4, 5], [0, -1], 1364.48743557293
60, 50, 189.15612221900255, 17, 31, 8, 49, 0, 1675814000054, 1675814001098, [60, 4, 5], [0, -1], 955.333950601023
60, 60, 189.40005380683345, 20, 49, 7, 156, 0, 1675814039769, 1675814040816, [60, 3, 5], [0, 1], 734.1087356854009
60, 50, 191.4795715403977, 12, 20, 7, 32, 0, 1675814079303, 1675814080348, [60, 4, 5], [0, -1], 1407.9380260323358
60, 50, 190.93187514240145, 14, 33, 7, 56, 0, 1675814118794, 1675814119835, [60, 4, 5], [0, -1], 1072.6509839460755
60, 50, 190.7522022464551, 13, 24, 7, 45, 0, 1675814158267, 1675814160038, [60, 3, 5], [0, -1], 1254.9486989898362
60, 50, 187.89096146514353, 87, 190, 11, 664, 0, 1675814198591, 1675814199696, [60, 4, 5], [0, -1], 174.6198526627728
70, 50, 190.47619047619045, 20, 36, 8, 55, 0, 1675814238120, 1675814239191, [60, 5, 5], [1, 0], 821.0180623973727
80, 60, 192.12295869356387, 16, 30, 7, 58, 0, 1675814277623, 1675814279030, [70, 5, 5], [1, 1], 1021.930631348744
90, 50, 190.30339902512512, 12, 25, 7, 44, 0, 1675814317462, 1675814318628, [80, 4, 5], [1, -1], 1303.447938528254
90, 60, 182.06671757592588, 18, 37, 7, 133, 0, 1675814357275, 1675814358436, [90, 4, 5], [0, 1], 835.1684292473664
80, 60, 188.94868842655814, 26, 59, 7, 162, 0, 1675814396940, 1675814398012, [90, 4, 5], [-1, 0], 579.5972037624482
90, 50, 191.9387564321127, 11, 16, 7, 30, 0, 1675814436510, 1675814437550, [80, 4, 5], [1, -1], 1599.4896369342725
80, 60, 192.49295983400032, 15, 28, 7, 146, 0, 1675814476507, 1675814477545, [90, 3, 5], [-1, 1], 1093.70999905682
90, 50, 182.8764764684446, 135, 230, 19, 644, 0, 1675814516930, 1675814518045, [80, 4, 5], [1, -1], 118.75095874574325
90, 60, 145.3326643167108, 192, 340, 12, 740, 0, 1675814557186, 1675814558931, [90, 4, 5], [0, 1], 65.58333227288394
100, 50, 189.23169604054607, 15, 31, 7, 53, 0, 1675814597328, 1675814598484, [90, 6, 6], [1, -1], 1039.734593629374
110, 60, 191.84656691258607, 15, 28, 7, 47, 0, 1675814636941, 1675814638004, [100, 5, 5], [1, 1], 1090.0373120033298
100, 60, 189.1348088531187, 16, 30, 8, 43, 0, 1675814676526, 1675814677577, [110, 4, 5], [-1, 0], 1006.0362173038229
90, 60, 191.48027359038804, 11, 16, 7, 32, 0, 1675814716231, 1675814717274, [100, 3, 5], [-1, 0], 1595.668946586567
80, 50, 191.4795715403977, 30, 72, 7, 350, 0, 1675814756464, 1675814757508, [90, 4, 5], [-1, -1], 498.64471755311905
80, 50, 190.3859188725819, 56, 104, 10, 460, 0, 1675814796508, 1675814797558, [80, 4, 5], [0, -1], 290.222437305765
70, 60, 169.08469858042707, 93, 149, 12, 487, 0, 1675814836664, 1675814837952, [80, 4, 6], [-1, 1], 162.26938443419107
80, 50, 188.5973726189693, 17, 31, 7, 131, 0, 1675814876514, 1675814877556, [70, 5, 5], [1, -1], 952.5119829240873
70, 50, 176.37625284359348, 37, 71, 9, 242, 0, 1675814916510, 1675814917559, [80, 5, 6], [-1, 0], 402.6855087753275
60, 60, 187.12283327425573, 77, 127, 8, 281, 0, 1675814956106, 1675814957191, [70, 4, 5], [-1, 1], 215.0837164071905
70, 70, 189.8437640783522, 17, 31, 7, 57, 0, 1675814995745, 1675814996783, [60, 5, 6], [1, 1], 958.8068892846071
70, 80, 190.30339902512512, 15, 21, 7, 39, 0, 1675815035490, 1675815036535, [70, 5, 6], [0, 1], 1174.7123396612662
60, 90, 191.0221417833112, 14, 27, 8, 54, 0, 1675815074970, 1675815076017, [70, 4, 5], [-1, 1], 1150.7357938753687
60, 80, 191.66623808859077, 25, 40, 7, 140, 0, 1675815114452, 1675815115571, [60, 4, 5], [0, -1], 684.5222788878242
60, 70, 164.95603642099962, 87, 163, 17, 476, 0, 1675815155110, 1675815156161, [60, 4, 5], [0, -1], 161.40512369960823
70, 80, 171.602332215108, 38, 71, 12, 255, 0, 1675815194864, 1675815196149, [60, 5, 5], [1, 1], 384.758592410556
60, 90, 180.7425540595675, 55, 98, 11, 203, 0, 1675815234891, 1675815235967, [70, 5, 5], [-1, 1], 284.18640575403697
70, 80, 186.63878691752637, 44, 74, 10, 260, 0, 1675815275165, 1675815276209, [60, 5, 6], [1, -1], 373.27757383505275
60, 70, 168.6945227459383, 138, 240, 13, 527, 0, 1675815315534, 1675815316852, [70, 5, 6], [-1, -1], 106.49906739011254
60, 60, 191.5715842823222, 13, 24, 7, 45, 0, 1675815355308, 1675815356356, [60, 5, 6], [0, -1], 1260.3393702784354
60, 70, 190.12798396563238, 17, 31, 7, 140, 0, 1675815395112, 1675815396152, [60, 5, 6], [0, 1], 960.2423432607695
50, 60, 191.84691995980876, 24, 41, 8, 63, 0, 1675815434758, 1675815435800, [60, 4, 6], [-1, -1], 700.1712407292289
50, 60, 183.36257722740993, 52, 88, 10, 142, 0, 1675815459327, 1675815460403, [50, 4, 6], [0, 0], 309.73408315440867
50, 70, 188.47622784760682, 41, 84, 7, 280, 0, 1675815498892, 1675815499935, [50, 5, 6], [0, 1], 379.992394854046
40, 70, 191.48027359038804, 12, 19, 7, 28, 0, 1675815538369, 1675815539412, [50, 5, 6], [-1, 0], 1428.9572655999104
30, 60, 192.12313598110143, 15, 28, 7, 134, 0, 1675815577824, 1675815579318, [40, 5, 6], [-1, -1], 1091.608727165349
30, 60, 191.1132782181997, 13, 22, 7, 35, 0, 1675815602665, 1675815603712, [30, 4, 6], [0, 0], 1291.3059339067547
20, 60, 192.12313598110143, 20, 45, 7, 151, 0, 1675815642476, 1675815643517, [30, 4, 6], [-1, 0], 768.4925439244057
20, 60, 191.29607435937316, 24, 42, 7, 157, 0, 1675815666893, 1675815667962, [20, 4, 6], [0, 0], 693.1017186933809
30, 60, 190.3859188725819, 18, 35, 8, 60, 0, 1675815706738, 1675815707789, [20, 5, 5], [1, 0], 889.6538265073922
30, 50, 175.0737012389714, 18, 34, 7, 137, 0, 1675815746790, 1675815747840, [30, 4, 5], [0, -1], 825.8193454668461
30, 50, 190.84125849612354, 21, 41, 7, 153, 0, 1675815771294, 1675815772346, [30, 4, 5], [0, 0], 763.3650339844942
30, 50, 191.6627176983576, 12, 21, 7, 34, 0, 1675815810768, 1675815811812, [30, 4, 5], [0, -1], 1388.8602731765043
30, 50, 189.57771787960468, 51, 83, 9, 322, 0, 1675815850524, 1675815851586, [30, 4, 5], [0, -1], 330.27476982509523
30, 50, 190.93187514240145, 67, 108, 9, 235, 0, 1675815874991, 1675815876036, [30, 4, 5], [0, 0], 253.89877013617212
20, 50, 174.4737025363405, 92, 166, 12, 384, 0, 1675815914643, 1675815916334, [30, 5, 5], [-1, 0], 163.3648900153001
20, 50, 186.4457582721187, 49, 88, 10, 173, 0, 1675815955339, 1675815956431, [20, 5, 6], [0, -1], 328.24957442274416
20, 60, 191.93857965451056, 21, 43, 7, 146, 0, 1675815994852, 1675815995891, [20, 5, 6], [0, 1], 755.663699427207
30, 70, 191.571056989637, 11, 19, 7, 28, 0, 1675816034334, 1675816035381, [20, 4, 6], [1, 1], 1520.405214203468
40, 70, 191.47922051733303, 24, 52, 8, 148, 0, 1675816074078, 1675816075123, [30, 4, 6], [1, 0], 646.8892585045035
30, 70, 184.5464070430393, 18, 40, 7, 148, 0, 1675816113765, 1675816114889, [40, 4, 6], [-1, 0], 823.867888584997
20, 60, 191.84691995980876, 11, 15, 7, 23, 0, 1675816153350, 1675816154393, [30, 4, 5], [-1, -1], 1625.8213555915997
10, 60, 191.93928676687298, 15, 29, 7, 47, 0, 1675816192811, 1675816193852, [20, 4, 5], [-1, 0], 1078.310599813893
20, 70, 191.38773506809375, 13, 23, 7, 38, 0, 1675816232279, 1675816233473, [10, 4, 5], [1, 1], 1275.9182337872917
10, 70, 192.30769230769232, 14, 24, 7, 42, 0, 1675816271964, 1675816273005, [20, 4, 5], [-1, 0], 1201.923076923077
20, 80, 191.84656691258607, 10, 15, 7, 26, 0, 1675816311417, 1675816312461, [10, 4, 5], [1, 1], 1744.059699205328
10, 80, 192.21568058760175, 17, 38, 7, 58, 0, 1675816350870, 1675816351916, [20, 4, 5], [-1, 0], 906.677738620763
20, 90, 191.0221417833112, 12, 16, 8, 27, 0, 1675816390336, 1675816391383, [10, 4, 5], [1, 1], 1492.3604826821188
10, 90, 190.47774539656106, 21, 39, 8, 162, 0, 1675816430028, 1675816431069, [20, 4, 5], [-1, 0], 774.299778034801
20, 100, 190.29926415203664, 13, 24, 7, 46, 0, 1675816469723, 1675816470760, [10, 4, 5], [1, 1], 1251.968843105504
10, 100, 190.66625952422498, 11, 20, 5, 33, 0, 1675816509206, 1675816510263, [20, 4, 5], [-1, 1], 1489.5801525330078
20, 100, 190.02379585396062, 13, 25, 7, 45, 0, 1675816548709, 1675816550256, [10, 4, 5], [1, 1], 1233.9207522984457
30, 100, 192.12313598110143, 10, 13, 7, 25, 0, 1675816588664, 1675816589705, [20, 3, 5], [1, 0], 1812.4824149160513
20, 90, 191.75525925108815, 15, 28, 7, 47, 0, 1675816628097, 1675816629416, [30, 4, 5], [-1, -1], 1089.5185184720917
10, 100, 191.75473044028212, 11, 17, 8, 35, 0, 1675816667815, 1675816668984, [20, 4, 5], [-1, 1], 1571.760085576083
20, 100, 191.6627176983576, 25, 51, 7, 144, 0, 1675816707427, 1675816708484, [10, 4, 5], [1, 1], 634.644760590588
20, 90, 190.57217047084671, 15, 31, 7, 145, 0, 1675816746968, 1675816748221, [20, 4, 5], [0, -1], 1047.099837751905
30, 90, 191.48132667502622, 14, 24, 7, 45, 0, 1675816786717, 1675816787771, [20, 3, 5], [1, 0], 1196.7582917189138
20, 80, 180.1657686655372, 28, 53, 8, 260, 0, 1675816826517, 1675816827558, [30, 4, 5], [-1, -1], 545.9568747440521
10, 90, 189.57618491854063, 11, 17, 7, 37, 0, 1675816866172, 1675816867224, [20, 4, 5], [-1, 1], 1553.9031550700051
10, 80, 191.02266455635578, 38, 81, 7, 343, 0, 1675816905746, 1675816906792, [10, 3, 5], [0, -1], 409.9198810222226
20, 90, 190.12798396563238, 11, 19, 7, 38, 0, 1675816945291, 1675816946331, [10, 4, 5], [1, 1], 1508.9522536954948
10, 100, 192.30840350740942, 21, 37, 7, 138, 0, 1675816984796, 1675816985837, [20, 4, 5], [-1, 1], 794.6628244107827
20, 100, 186.403651635375, 21, 33, 8, 60, 0, 1675817024602, 1675817025656, [10, 4, 5], [1, 1], 796.5968018605769
10, 100, 184.07922268249087, 50, 90, 11, 262, 0, 1675817064402, 1675817065467, [20, 4, 5], [-1, 1], 317.37797014222565
20, 100, 191.48273080589573, 23, 53, 7, 152, 0, 1675817103979, 1675817105020, [10, 5, 6], [1, 0], 660.2852786410197
10, 90, 191.93857965451056, 10, 14, 7, 34, 0, 1675817143604, 1675817144646, [20, 4, 5], [-1, -1], 1777.2090708750977
20, 100, 191.94017066465273, 14, 26, 7, 48, 0, 1675817183078, 1675817184125, [10, 4, 5], [1, 1], 1170.3668942966628
10, 100, 191.93857965451056, 11, 20, 7, 31, 0, 1675817222547, 1675817223590, [20, 4, 5], [-1, 0], 1499.5201535508636
20, 100, 191.9387564321127, 16, 28, 7, 45, 0, 1675817262031, 1675817263075, [10, 4, 5], [1, 1], 1043.1454153919167
10, 100, 191.8476260581524, 10, 15, 7, 25, 0, 1675817301466, 1675817302512, [20, 4, 5], [-1, 0], 1744.0693278013853
10, 90, 191.57088122605364, 25, 66, 7, 175, 0, 1675817341016, 1675817342062, [10, 3, 5], [0, -1], 577.0207265844989
20, 90, 177.56818681146228, 27, 53, 7, 293, 0, 1675817380859, 1675817381916, [10, 4, 6], [1, 0], 551.453996308889
10, 90, 182.07282913165264, 42, 67, 10, 459, 0, 1675817420662, 1675817421769, [20, 4, 5], [-1, 0], 387.3889981524525
10, 90, 174.66363336952145, 59, 123, 10, 265, 0, 1675817445522, 1675817446694, [10, 4, 5], [0, 0], 243.26411332802428
20, 100, 192.03112323917694, 30, 55, 7, 140, 0, 1675817485228, 1675817486269, [10, 6, 6], [1, 1], 548.6603521119341
20, 100, 189.75332068311195, 11, 16, 7, 36, 0, 1675817509710, 1675817510753, [20, 5, 6], [0, 0], 1581.2776723592663
10, 100, 191.57088122605364, 17, 29, 7, 58, 0, 1675817549220, 1675817550265, [20, 4, 5], [-1, 0], 987.4787692064621
20, 100, 190.74873198029385, 29, 78, 7, 241, 0, 1675817588676, 1675817589837, [10, 4, 5], [1, 1], 491.62044324818004
20, 90, 188.26568762602727, 67, 135, 11, 597, 0, 1675817628286, 1675817629510, [20, 4, 6], [0, -1], 233.58025760053013
30, 100, 188.64769575867325, 46, 90, 8, 298, 0, 1675817667869, 1675817669251, [20, 5, 6], [1, 1], 344.2476199975789
20, 100, 183.9799559124814, 43, 84, 9, 124, 0, 1675817707747, 1675817708857, [30, 5, 6], [-1, 1], 359.3358513915652
10, 90, 189.06023838030058, 24, 55, 8, 141, 0, 1675817747313, 1675817748492, [20, 5, 6], [-1, -1], 626.0272794049687
10, 100, 187.352808318605, 24, 50, 7, 166, 0, 1675817786978, 1675817788115, [10, 5, 6], [-1, 1], 641.619206570565
10, 100, 183.86841916253678, 35, 70, 8, 125, 0, 1675817826793, 1675817827899, [10, 4, 6], [-1, 0], 437.7819503869923
20, 90, 182.43412839705644, 66, 109, 12, 481, 0, 1675817866638, 1675817867700, [10, 4, 6], [1, -1], 244.54976996924452
10, 90, 189.5904935193297, 13, 23, 7, 39, 0, 1675817906266, 1675817907312, [20, 5, 6], [-1, 0], 1263.936623462198
20, 100, 191.93928676687298, 11, 19, 7, 48, 0, 1675817945939, 1675817946980, [10, 5, 6], [1, 1], 1523.3276727529599
30, 100, 178.98343785328302, 24, 56, 8, 180, 0, 1675817985555, 1675817986754, [20, 4, 6], [1, 0], 588.7613087279045
40, 100, 188.753328780698, 14, 28, 7, 57, 0, 1675818025278, 1675818026318, [30, 4, 6], [1, 1], 1123.531718932726
50, 100, 179.23596870965292, 32, 56, 8, 239, 0, 1675818065646, 1675818066844, [40, 4, 6], [1, 1], 487.0542627979699
50, 100, 182.38876072905626, 78, 125, 9, 364, 0, 1675818106234, 1675818107310, [50, 4, 6], [0, 1], 208.68279259617418
50, 100, 185.28848877026456, 52, 89, 12, 202, 0, 1675818131361, 1675818132403, [50, 6, 6], [0, 0], 311.93348277822315
40, 100, 191.1143252650764, 53, 112, 7, 302, 0, 1675818171144, 1675818172187, [50, 6, 6], [-1, 1], 294.9295142979573
40, 100, 182.48722089944886, 55, 88, 9, 448, 0, 1675818195911, 1675818197001, [40, 5, 6], [0, 0], 296.2454884731312
50, 100, 190.49018567350527, 25, 43, 8, 145, 0, 1675818235486, 1675818236528, [40, 5, 6], [1, 1], 666.0496002570114
50, 100, 146.30180665596777, 83, 152, 10, 588, 0, 1675818261127, 1675818262178, [50, 5, 5], [0, 0], 151.1382300164956
50, 90, 186.65458884601648, 54, 80, 13, 124, 0, 1675818301251, 1675818302325, [50, 5, 5], [0, -1], 315.29491359124404
40, 80, 190.30115927989752, 56, 99, 8, 261, 0, 1675818341027, 1675818342073, [50, 6, 5], [-1, -1], 294.58383789457815
50, 80, 188.50961914305412, 52, 97, 12, 282, 0, 1675818380912, 1675818381962, [40, 5, 5], [1, 0], 309.0321625295969
50, 70, 189.93506493506493, 49, 94, 7, 473, 0, 1675818420809, 1675818421868, [50, 5, 5], [0, -1], 327.47424988804295
60, 70, 169.19579880406414, 103, 171, 18, 681, 0, 1675818461220, 1675818462347, [50, 5, 6], [1, 0], 145.10788919731056
60, 60, 191.2052879412711, 41, 88, 7, 440, 0, 1675818500926, 1675818501970, [60, 5, 6], [0, -1], 379.37557131204585
50, 60, 191.4795715403977, 14, 27, 7, 53, 0, 1675818540536, 1675818541579, [60, 5, 5], [-1, 0], 1153.4913948216729
60, 60, 191.1143252650764, 21, 41, 7, 142, 0, 1675818580216, 1675818581254, [50, 4, 5], [1, 0], 764.4573010603056
60, 50, 177.0685678731656, 20, 46, 7, 139, 0, 1675818620159, 1675818621209, [60, 4, 5], [0, -1], 702.6530471157364
60, 50, 187.94470241353133, 13, 25, 7, 38, 0, 1675818659773, 1675818660861, [60, 4, 5], [0, -1], 1220.4201455424113
60, 50, 189.0360857023146, 16, 30, 7, 46, 0, 1675818699479, 1675818700540, [60, 4, 5], [0, -1], 1005.5110941612479
60, 50, 190.93083109137706, 22, 41, 7, 250, 0, 1675818738977, 1675818740026, [60, 4, 5], [0, -1], 740.0419809743296
60, 50, 190.3866089616726, 32, 56, 7, 441, 0, 1675818778483, 1675818779769, [60, 4, 5], [0, -1], 517.354915656719
60, 50, 172.5022873847939, 57, 104, 10, 313, 0, 1675818818443, 1675818819730, [60, 4, 5], [0, -1], 259.79260148312335
70, 50, 191.02475567714808, 19, 33, 8, 50, 0, 1675818858110, 1675818859189, [60, 5, 5], [1, 0], 876.2603471428811
60, 50, 176.63910816323352, 24, 54, 7, 238, 0, 1675818897815, 1675818899144, [70, 5, 5], [-1, -1], 588.7970272107783
60, 50, 170.05491996072254, 47, 99, 9, 403, 0, 1675818937876, 1675818939457, [60, 4, 5], [0, -1], 296.2629267608406
60, 50, 189.23169604054607, 23, 42, 7, 146, 0, 1675818977854, 1675818978939, [60, 4, 5], [0, -1], 706.0884180617389
70, 50, 191.38826084846352, 17, 32, 7, 106, 0, 1675819017394, 1675819018926, [60, 5, 5], [1, 0], 956.9413042423175
60, 60, 187.36846908990702, 14, 32, 7, 48, 0, 1675819057565, 1675819059079, [70, 4, 5], [-1, 1], 1064.5935743744717
60, 60, 191.29607435937316, 13, 23, 7, 39, 0, 1675819082480, 1675819083527, [60, 4, 5], [0, 0], 1275.3071623958213
60, 60, 177.77399870251747, 37, 61, 8, 291, 0, 1675819107191, 1675819108389, [60, 4, 5], [0, 0], 425.29664761367815
50, 50, 187.88499214571897, 19, 37, 8, 148, 0, 1675819146934, 1675819147984, [60, 5, 5], [-1, -1], 831.349522768668
40, 50, 188.97736199385847, 19, 34, 8, 139, 0, 1675819186544, 1675819187590, [50, 3, 5], [-1, 0], 858.9880090629931
40, 50, 189.214928109068, 10, 15, 7, 34, 0, 1675819211020, 1675819212072, [40, 4, 5], [0, 0], 1720.1357100824364
40, 50, 188.07031194737215, 10, 14, 7, 30, 0, 1675819235632, 1675819236709, [40, 4, 5], [0, 0], 1741.3917772904829
40, 50, 181.33831118343136, 15, 27, 8, 41, 0, 1675819260370, 1675819261424, [40, 4, 5], [0, 0], 1042.1742022036285
40, 50, 189.7534914912482, 15, 25, 7, 44, 0, 1675819284868, 1675819285926, [40, 4, 5], [0, 0], 1116.1970087720483
40, 50, 182.16037734286078, 22, 51, 7, 138, 0, 1675819309800, 1675819310841, [40, 4, 5], [0, 0], 655.253155909571
40, 50, 166.3827059459818, 69, 123, 11, 492, 0, 1675819334594, 1675819336448, [40, 4, 5], [0, 0], 208.49963151125536
30, 50, 185.36700175316983, 64, 116, 8, 300, 0, 1675819375123, 1675819376211, [40, 5, 5], [-1, -1], 249.14919590479815
30, 50, 185.61129535515693, 27, 49, 9, 84, 0, 1675819399811, 1675819400859, [30, 5, 5], [0, 0], 591.1187750164233
40, 50, 190.116817025214, 14, 25, 7, 46, 0, 1675819439346, 1675819440396, [30, 6, 5], [1, 0], 1173.560598921074
50, 50, 191.0221417833112, 20, 38, 7, 138, 0, 1675819478845, 1675819479904, [40, 4, 5], [1, 0], 809.4158550140305
40, 50, 190.75081412483854, 11, 17, 8, 28, 0, 1675819518318, 1675819519392, [50, 4, 5], [-1, -1], 1563.5312633183485
50, 50, 189.13041145477501, 32, 67, 7, 341, 0, 1675819557823, 1675819558979, [40, 4, 5], [1, 0], 484.9497729609616
40, 50, 190.8398684151823, 15, 25, 7, 89, 0, 1675819597496, 1675819598630, [50, 4, 5], [-1, -1], 1122.5874612657783
40, 50, 184.24880632912897, 14, 26, 7, 61, 0, 1675819622116, 1675819623292, [40, 4, 5], [0, 0], 1123.4683312751765
40, 50, 172.01293490062784, 85, 146, 11, 692, 0, 1675819647165, 1675819648271, [40, 4, 5], [0, 0], 176.96804002122207
50, 60, 183.57079312018118, 44, 70, 12, 163, 0, 1675819686887, 1675819687980, [40, 5, 5], [1, 1], 373.11136813044953
50, 60, 189.93626402764085, 12, 20, 7, 40, 0, 1675819711374, 1675819712435, [50, 5, 5], [0, 0], 1396.5901766738295
50, 60, 190.56801798366507, 20, 34, 7, 130, 0, 1675819736122, 1675819737166, [50, 5, 5], [0, 0], 835.8246402792327
50, 60, 186.91996942897697, 39, 89, 8, 265, 0, 1675819761215, 1675819762282, [50, 5, 5], [0, 0], 381.4693253652591
60, 50, 170.45618281893894, 82, 133, 16, 536, 0, 1675819801354, 1675819802431, [50, 5, 5], [1, -1], 184.8765540335563
50, 50, 189.0386189102942, 11, 17, 7, 32, 0, 1675819840958, 1675819842021, [60, 5, 5], [-1, -1], 1549.4968763138866
60, 50, 190.03340254581565, 24, 46, 8, 142, 0, 1675819880645, 1675819881692, [50, 5, 5], [1, -1], 669.1316991049846
60, 50, 182.00244048727018, 19, 41, 7, 229, 0, 1675819905287, 1675819906354, [60, 4, 5], [0, 0], 777.7882072105563
60, 50, 189.3053666682793, 16, 30, 8, 58, 0, 1675819929921, 1675819930973, [60, 4, 5], [0, 0], 1006.9434397248898
60, 50, 183.0046755769126, 30, 55, 8, 158, 0, 1675819954615, 1675819955698, [60, 4, 5], [0, 0], 522.8705016483217
60, 50, 187.0720039181046, 33, 51, 10, 148, 0, 1675819994473, 1675819995566, [60, 4, 5], [0, -1], 511.12569376531314
60, 50, 173.19664492078283, 58, 119, 10, 312, 0, 1675820019212, 1675820020525, [60, 4, 5], [0, 0], 246.71886740852256
50, 50, 186.48022701033508, 33, 67, 7, 176, 0, 1675820058960, 1675820060034, [60, 5, 5], [-1, -1], 468.54328394556546
60, 50, 177.7800252684676, 17, 27, 8, 55, 0, 1675820098602, 1675820099926, [50, 5, 5], [1, -1], 935.6843435182504
50, 50, 177.97931356488846, 51, 89, 11, 198, 0, 1675820138501, 1675820139761, [60, 4, 5], [-1, 0], 303.71896512779597
60, 50, 189.3046882699182, 49, 99, 7, 352, 0, 1675820178142, 1675820179342, [50, 5, 5], [1, -1], 320.85540384731894
50, 50, 188.05833964025774, 21, 36, 7, 231, 0, 1675820217823, 1675820219307, [60, 5, 5], [-1, 0], 783.5764151677406
