100, 70, 31.8310304661331, 574, 864, 46, 1947, 0, 1670308517787, 1670308520209, [100, 7, 21], [0, 0], 5.036555453502073
90, 70, 35.455684646521505, 539, 1217, 25, 1746, 0, 1670308572773, 1670308576337, [100, 19, 24], [-1, 0], 5.255808574936481
90, 60, 24.00338698736537, 703, 1086, 39, 3003, 0, 1670308654723, 1670308658138, [90, 15, 25], [0, -1], 3.07893624773799
100, 50, 31.636211652500485, 581, 1112, 44, 1873, 0, 1670308715793, 1670308717987, [90, 11, 25], [1, -1], 4.603639646755018
110, 50, 14.321424607974798, 1734, 4406, 33, 6358, 0, 1670308805936, 1670308827695, [100, 13, 26], [1, -1], 0.6313447631799858
100, 60, 23.954606457047543, 824, 1445, 56, 2713, 0, 1670308889038, 1670308893336, [110, 10, 27], [-1, 1], 2.526324241409781
110, 50, 29.85886522339847, 637, 1230, 35, 2232, 0, 1670308952462, 1670308954069, [100, 13, 28], [1, -1], 3.951676180968564
120, 60, 28.69414286410277, 655, 1291, 53, 2278, 0, 1670309013462, 1670309018111, [110, 18, 25], [1, 1], 3.6683895249428238
120, 50, 21.83655688410072, 1155, 2250, 80, 11180, 0, 1670309219357, 1670309223543, [120, 12, 24], [0, -1], 1.5892690599782182
130, 50, 34.79208177332977, 740, 1068, 61, 1872, 1, 1670309295953, 1670309298433, [120, 9, 24], [1, 0], 4.318778770274301
120, 50, 30.287472903924304, 725, 1437, 27, 2093, 0, 1670309351999, 1670309356575, [130, 11, 23], [-1, -1], 3.491753851040385
110, 50, 21.253736413487267, 730, 1524, 74, 3095, 0, 1670309420278, 1670309424986, [120, 11, 23], [-1, -1], 2.3912844749648143
100, 50, 26.105954907548853, 875, 1761, 45, 2408, 0, 1670309488017, 1670309492428, [110, 12, 23], [-1, -1], 2.4810829602308355
90, 50, 38.21125501666194, 460, 1161, 11, 1753, 0, 1670309552346, 1670309554481, [100, 13, 23], [-1, 0], 6.366420362656104
100, 60, 37.72408666580672, 486, 1237, 10, 1704, 0, 1670309609282, 1670309612732, [90, 12, 23], [1, 1], 5.929595514902031
110, 50, 34.00935098205855, 668, 1195, 47, 2003, 0, 1670309672273, 1670309675711, [100, 11, 23], [1, -1], 4.397381818212898
100, 50, 40.146350122073066, 375, 858, 25, 1497, 0, 1670309731129, 1670309733598, [110, 11, 23], [-1, 0], 8.512796887632117
110, 50, 29.482589879451904, 677, 1481, 25, 2254, 0, 1670309789343, 1670309792792, [100, 12, 24], [1, 0], 3.519048684584854
110, 60, 32.15210484928186, 464, 937, 35, 1892, 0, 1670309847586, 1670309850555, [110, 12, 24], [0, 1], 5.755836886731447
110, 50, 25.22492253989206, 825, 1495, 55, 2420, 0, 1670309910135, 1670309915290, [110, 11, 23], [0, -1], 2.6303360312713306
110, 60, 39.94313574960116, 593, 1145, 8, 1846, 0, 1670309969500, 1670309973131, [110, 12, 23], [0, 1], 5.678580572874774
110, 70, 27.1621507383942, 738, 1379, 38, 2568, 0, 1670310045270, 1670310051522, [110, 12, 23], [0, 1], 3.1357828144070883
110, 80, 9.535332080418389, 1813, 4647, 39, 10281, 0, 1670310173054, 1670310178160, [110, 13, 24], [0, 1], 0.40067787546929945
110, 90, 34.52982253654894, 594, 1023, 51, 2663, 0, 1670310254356, 1670310256388, [110, 10, 23], [0, 1], 5.079409022734472
110, 90, 34.00707317176565, 544, 1084, 15, 1882, 0, 1670310293891, 1670310304853, [110, 11, 23], [0, 0], 5.215808768675713
100, 80, 47.43295053226022, 450, 829, 11, 1379, 0, 1670310355766, 1670310359251, [110, 12, 23], [-1, -1], 9.021101280384219
110, 70, 26.63427738143087, 984, 1698, 36, 2241, 0, 1670310434197, 1670310437926, [100, 11, 23], [1, -1], 2.363709387773417
120, 70, 37.113727504195325, 646, 1194, 23, 1669, 0, 1670310494106, 1670310498057, [110, 10, 23], [1, 0], 4.911822062492763
110, 70, 41.7256962519255, 515, 968, 25, 1645, 0, 1670310548615, 1670310552011, [120, 11, 23], [-1, 0], 6.889976263527989
120, 70, 27.01048105899349, 842, 1585, 32, 2729, 0, 1670310609360, 1670310616663, [110, 10, 23], [1, 0], 2.726678887441297
120, 60, 54.284564255730686, 343, 789, 11, 1263, 0, 1670310672160, 1670310673748, [120, 10, 23], [0, -1], 12.56005651451427
120, 60, 28.175771382749254, 714, 1315, 46, 2276, 0, 1670310719063, 1670310722814, [120, 10, 23], [0, 0], 3.3775798828517445
120, 70, 35.890164432724, 519, 1053, 22, 2015, 0, 1670310782567, 1670310783809, [120, 13, 22], [0, 1], 5.735085399923936
110, 70, 20.77632235778818, 672, 1091, 43, 5649, 0, 1670310875645, 1670310878982, [120, 12, 23], [-1, 0], 2.748918015055329
120, 60, 28.217497069429008, 712, 1240, 64, 2230, 0, 1670310934906, 1670310938616, [110, 10, 23], [1, -1], 3.4512594263000254
120, 60, 29.899844761435435, 698, 1428, 11, 2029, 0, 1670310979474, 1670310983309, [120, 13, 23], [0, 0], 3.5426356352411656
130, 70, 30.56052945476207, 782, 1391, 22, 2013, 2, 1670311058714, 1670311063001, [120, 13, 23], [1, 1], 3.381337625001336
130, 70, 22.52645990028454, 999, 2029, 25, 2657, 0, 1670311108359, 1670311113356, [130, 10, 23], [0, 0], 1.869415759359713
130, 60, 22.08859352273359, 839, 1377, 57, 2954, 0, 1670311190786, 1670311194163, [130, 11, 23], [0, -1], 2.333466461307161
140, 70, 29.198343226088223, 591, 1195, 23, 2220, 0, 1670311252744, 1670311256286, [130, 10, 23], [1, 1], 4.102043161855609
130, 80, 26.96039835406582, 744, 1320, 55, 2284, 0, 1670311322316, 1670311324720, [140, 10, 23], [-1, 1], 3.137848970445277
130, 80, 37.356164041019206, 634, 1265, 21, 1710, 0, 1670311366757, 1670311369468, [130, 11, 23], [0, 0], 4.913991586558695
140, 70, 48.182435763668174, 244, 511, 7, 1456, 0, 1670311421965, 1670311423732, [130, 11, 23], [1, -1], 16.20122251636455
130, 70, 24.510520566645447, 818, 1415, 49, 2986, 0, 1670311499886, 1670311504368, [140, 9, 23], [-1, 0], 2.6147344321149397
120, 80, 47.195157325073104, 337, 660, 19, 1341, 0, 1670311554948, 1670311558101, [130, 9, 23], [-1, 1], 11.751782202458442
130, 90, 36.182058814530045, 577, 1114, 48, 1839, 0, 1670311629071, 1670311631992, [120, 10, 23], [1, 1], 5.286683052970491
120, 80, 36.01760818695014, 544, 985, 29, 1807, 0, 1670311685657, 1670311688543, [130, 9, 23], [-1, -1], 5.697185730298978
130, 90, 26.81843808874088, 703, 1507, 26, 2317, 0, 1670311748364, 1670311752250, [120, 12, 23], [1, 1], 3.1047045715143415
120, 100, 28.284539444075563, 783, 1901, 26, 2569, 0, 1670311823822, 1670311831290, [130, 10, 23], [-1, 1], 2.8099085479908164
110, 100, 27.111398321301863, 836, 1748, 35, 2780, 0, 1670311895651, 1670311897020, [120, 10, 23], [-1, 1], 2.6621561588081164
100, 100, 17.840990096521086, 966, 1971, 44, 6158, 0, 1670311972285, 1670311996681, [110, 10, 23], [-1, 0], 1.528790925151764
100, 100, 33.39252442626675, 652, 1242, 39, 1856, 0, 1670312048867, 1670312053953, [100, 10, 23], [0, 1], 4.336691483930747
90, 100, 30.949358729911808, 647, 1161, 42, 2125, 17, 1670312127205, 1670312130033, [100, 10, 23], [-1, 1], 4.1276818791560155
90, 90, 29.56410968475485, 752, 1633, 39, 2104, 0, 1670312185375, 1670312192153, [90, 10, 23], [0, -1], 3.185101237314679
100, 100, 31.276802976018637, 601, 1229, 35, 2067, 0, 1670312248814, 1670312252977, [90, 12, 22], [1, 1], 4.304542110654918
90, 90, 35.01725629009477, 649, 1113, 24, 1779, 0, 1670312307979, 1670312310868, [100, 11, 22], [-1, -1], 4.720579170948338
80, 80, 46.481702926421946, 424, 865, 10, 1351, 0, 1670312362698, 1670312364792, [90, 11, 23], [-1, -1], 9.074912715037474
80, 90, 30.02911251420346, 644, 1297, 20, 2165, 0, 1670312421703, 1670312425013, [80, 10, 23], [0, 1], 3.8767250857479283
90, 80, 41.726265824801324, 640, 1124, 41, 1603, 0, 1670312478289, 1670312480545, [80, 11, 23], [1, -1], 5.663173971878574
100, 90, 20.933824373065914, 840, 1332, 58, 3157, 0, 1670312541426, 1670312548365, [90, 11, 23], [1, 1], 2.2307996987495646
110, 90, 43.09504180757212, 456, 953, 14, 1512, 0, 1670312599518, 1670312604545, [100, 11, 23], [1, 0], 7.7592801237976445
100, 100, 34.26049683700623, 473, 959, 45, 1868, 0, 1670312659076, 1670312661892, [110, 11, 23], [-1, 1], 6.008505232726451
100, 100, 38.84143853624288, 647, 1248, 19, 1811, 0, 1670312712593, 1670312713847, [100, 11, 23], [0, 0], 5.062752676778269
90, 90, 25.964869827989776, 728, 1072, 33, 3640, 18, 1670312793855, 1670312796625, [100, 10, 23], [-1, -1], 3.2586433017055447
100, 90, 17.97952666110499, 1248, 2893, 44, 6863, 0, 1670312949852, 1670312953224, [90, 10, 23], [1, 0], 1.1401094902412803
110, 90, 27.070101098452618, 671, 1244, 17, 2470, 0, 1670313011561, 1670313016557, [100, 9, 23], [1, 0], 3.445786799701198
120, 90, 28.79454280484462, 786, 1371, 90, 2754, 0, 1670313092660, 1670313096013, [110, 10, 23], [1, 0], 3.188764430215351
120, 100, 34.37104850659497, 658, 1134, 29, 1918, 0, 1670313148080, 1670313152950, [120, 10, 23], [0, 1], 4.563336232952066
130, 100, 16.734217487814426, 1058, 1402, 50, 6010, 0, 1670313228304, 1670313250233, [120, 10, 23], [1, 1], 1.485109823199718
130, 90, 45.878181531845605, 473, 918, 23, 1378, 0, 1670313302699, 1670313304072, [130, 10, 23], [0, -1], 8.16337749676968
120, 90, 46.597336403066606, 432, 846, 7, 1380, 0, 1670313354030, 1670313357446, [130, 11, 22], [-1, 0], 9.051541647837334
130, 100, 39.37210458998032, 486, 889, 19, 1682, 0, 1670313408806, 1670313412468, [120, 11, 23], [1, 1], 6.948835967169134
120, 90, 26.296838732802588, 885, 1765, 33, 2359, 0, 1670313474134, 1670313477750, [130, 11, 23], [-1, -1], 2.478495639283939
130, 100, 36.62225377442058, 474, 906, 47, 1667, 0, 1670313529396, 1670313532863, [120, 11, 23], [1, 1], 6.535020302359132
120, 90, 26.85980257273517, 696, 1301, 54, 2349, 0, 1670313588863, 1670313610705, [130, 11, 23], [-1, -1], 3.287613533994513
130, 90, 28.314663181989374, 670, 1269, 27, 2213, 0, 1670313666114, 1670313676497, [120, 11, 23], [1, 0], 3.5850421856152663
130, 90, 28.548061619032516, 769, 1622, 25, 2482, 0, 1670313718747, 1670313725643, [130, 11, 23], [0, 0], 3.0383207342520766
140, 80, 27.952353577684995, 876, 1539, 15, 2679, 0, 1670313782397, 1670313803325, [130, 10, 23], [1, -1], 2.7714013065323213
150, 90, 27.803803752541103, 729, 1449, 52, 2806, 0, 1670313871208, 1670313873615, [140, 11, 23], [1, 1], 3.184857245422807
140, 90, 33.626126350346055, 710, 1291, 34, 1853, 0, 1670313931391, 1670313934929, [150, 10, 23], [-1, 0], 4.0699741406857965
150, 90, 55.59811223963889, 335, 603, 25, 1126, 0, 1670313985718, 1670313987512, [140, 10, 23], [1, 0], 14.307285702428945
140, 80, 14.049371307679355, 1023, 1525, 44, 6299, 6, 1670314064105, 1670314085727, [150, 10, 23], [-1, -1], 1.2506116528110516
150, 70, 35.52498490945218, 669, 1260, 45, 1852, 0, 1670314139640, 1670314143465, [140, 11, 22], [1, -1], 4.5128283675625225
150, 70, 29.61864782666037, 670, 1104, 42, 2828, 4, 1670314198421, 1670314207337, [150, 12, 23], [0, 0], 3.9136691102881045
160, 60, 59.342743625979736, 407, 723, 15, 1202, 0, 1670314256153, 1670314258895, [150, 9, 23], [1, -1], 12.62074513525728
160, 70, 56.40101438836045, 293, 601, 22, 1079, 0, 1670314308947, 1670314311299, [160, 9, 23], [0, 1], 15.905531412397195
170, 80, 17.053851255194083, 854, 1528, 44, 3769, 0, 1670314374356, 1670314396209, [160, 10, 23], [1, 1], 1.7247017855172009
180, 80, 46.25481073853411, 387, 861, 20, 1466, 0, 1670314449176, 1670314452836, [170, 10, 23], [1, 0], 9.60041733884062
170, 90, 24.68008318510558, 760, 1386, 35, 2907, 0, 1670314511160, 1670314520161, [180, 10, 23], [-1, 1], 2.788079889867327
170, 90, 50.378252557671864, 301, 581, 5, 1292, 0, 1670314557354, 1670314559129, [170, 10, 23], [0, 0], 14.111555338283436
160, 80, 49.86021358549608, 334, 664, 14, 1131, 0, 1670314609169, 1670314610216, [170, 9, 23], [-1, -1], 12.46505339637402
160, 70, 22.432374107653022, 1201, 1883, 43, 2718, 0, 1670314670573, 1670314676041, [160, 11, 23], [0, -1], 1.6773122556941096
150, 70, 22.173206872942135, 827, 2129, 35, 2680, 0, 1670314737322, 1670314741556, [160, 12, 23], [-1, 0], 2.0391030782547483
160, 70, 16.683517687064853, 1523, 2945, 24, 4147, 0, 1670314813739, 1670314821870, [150, 12, 23], [1, 0], 0.9230672616501522
160, 70, 29.438445875182357, 528, 1014, 26, 2155, 0, 1670314862923, 1670314865323, [160, 11, 23], [0, 0], 4.7086445737655716
160, 60, 67.16289182715845, 232, 475, 11, 910, 0, 1670314913437, 1670314915111, [160, 11, 23], [0, -1], 23.93545681652118
150, 70, 30.026487353193083, 647, 1148, 25, 2229, 0, 1670314972764, 1670314977282, [160, 10, 23], [-1, 1], 4.018534174677875
160, 70, 28.824513697635485, 672, 1339, 48, 2165, 0, 1670315034515, 1670315037815, [150, 11, 23], [1, 0], 3.578906592703685
160, 70, 36.96698490686124, 459, 982, 17, 1907, 0, 1670315082998, 1670315084831, [160, 10, 23], [0, 0], 6.559081779074032
150, 80, 40.40460785047368, 617, 1093, 45, 2036, 0, 1670315148119, 1670315150309, [160, 11, 23], [-1, 1], 5.673210874820792
140, 90, 26.954953211750798, 851, 1678, 45, 2365, 0, 1670315208723, 1670315212970, [150, 12, 23], [-1, 1], 2.652002480494962
150, 80, 26.977237269178367, 932, 1706, 79, 2328, 0, 1670315273839, 1670315278510, [140, 12, 23], [1, -1], 2.4822632746759625
140, 70, 33.29871953706936, 524, 981, 26, 2400, 0, 1670315352065, 1670315355421, [150, 11, 23], [-1, -1], 5.410906652107467
140, 60, 35.2808860448378, 662, 1337, 45, 1792, 0, 1670315407799, 1670315449165, [140, 10, 23], [0, -1], 4.426710921560577
140, 70, 28.160969219893236, 751, 1507, 39, 2274, 0, 1670315506833, 1670315510296, [140, 9, 23], [0, 1], 3.1213665728101567
130, 70, 31.027889878456996, 657, 1305, 24, 2038, 0, 1670315568930, 1670315572994, [140, 11, 23], [-1, 0], 3.944557574174548
130, 70, 44.61279930412481, 398, 848, 19, 1412, 1, 1670315627900, 1670315629745, [130, 11, 23], [0, 0], 9.14196707051738
140, 60, 29.26910596503858, 600, 1125, 17, 2239, 0, 1670315697880, 1670315702151, [130, 10, 23], [1, -1], 4.151646236175685
140, 70, 50.104198452051875, 485, 912, 22, 1384, 0, 1670315754455, 1670315755714, [140, 10, 23], [0, 1], 8.784046011930553
130, 60, 35.93862455479727, 483, 935, 31, 1712, 0, 1670315808327, 1670315812367, [140, 10, 23], [-1, -1], 6.267635953051494
140, 70, 25.826323190184105, 603, 1164, 47, 2518, 0, 1670315870283, 1670315874654, [130, 10, 24], [1, 1], 3.6110630858758532
130, 60, 28.241141668350032, 746, 1132, 22, 2924, 0, 1670315932910, 1670315954211, [140, 11, 23], [-1, -1], 3.4306537497995664
130, 50, 26.88664928232644, 996, 1684, 46, 2272, 0, 1670316033748, 1670316037969, [130, 10, 23], [0, -1], 2.371793338243334
140, 50, 22.41373824303549, 900, 1775, 22, 2996, 0, 1670316108843, 1670316113368, [130, 11, 23], [1, 0], 2.0849989063288827
150, 50, 17.24726714813965, 1706, 3960, 44, 15603, 2, 1670316294721, 1670316296065, [140, 12, 23], [1, -1], 0.7996692854293235
140, 50, 18.237387009776374, 1285, 2868, 53, 3655, 0, 1670316358456, 1670316373470, [150, 10, 23], [-1, -1], 1.1386979901209024
150, 50, 22.94968171959807, 843, 1556, 24, 2895, 0, 1670316430944, 1670316438675, [140, 12, 23], [1, -1], 2.3284985510955827
140, 50, 23.11430890716853, 851, 1446, 36, 2824, 0, 1670316497269, 1670316519125, [150, 11, 23], [-1, -1], 2.382918444037993
150, 60, 21.883846982733708, 903, 1359, 54, 2971, 0, 1670316579480, 1670316600965, [140, 13, 24], [1, 1], 2.2011513762556536
160, 70, 17.060796737898812, 873, 1831, 24, 3757, 0, 1670316668332, 1670316676377, [150, 10, 24], [1, 1], 1.6025546438003766
160, 80, 16.0065635204339, 957, 1904, 31, 3900, 0, 1670316759709, 1670316767520, [160, 11, 23], [0, 1], 1.3962459456065857
160, 80, 32.30164181195565, 738, 1408, 23, 1978, 0, 1670316807228, 1670316810975, [160, 10, 23], [0, 0], 3.7043167215545467
160, 70, 27.492926959592133, 665, 1309, 31, 2211, 0, 1670316866348, 1670316870227, [160, 11, 22], [0, -1], 3.4634576668672383
170, 80, 26.645569799745324, 643, 1106, 44, 2398, 0, 1670316949245, 1670316954276, [160, 12, 23], [1, 1], 3.622290619867499
160, 90, 35.81584944283965, 709, 1234, 32, 1797, 0, 1670317009279, 1670317012022, [170, 10, 23], [-1, 1], 4.399981504034355
170, 90, 25.636515818298978, 543, 1495, 26, 2484, 0, 1670317071451, 1670317075153, [160, 11, 23], [1, 0], 3.495570741518813
160, 100, 30.780866603565144, 553, 1094, 16, 1953, 0, 1670317129966, 1670317133635, [170, 11, 23], [-1, 1], 4.655303479063089
160, 100, 30.40579511116566, 616, 1313, 9, 2148, 0, 1670317171894, 1670317185226, [160, 10, 23], [0, 0], 4.025125114001278
170, 100, 22.32616354283105, 669, 1168, 55, 5567, 0, 1670317279940, 1670317283236, [160, 10, 23], [1, 1], 2.9040275159769835
160, 100, 43.82579478144889, 616, 1119, 23, 1521, 0, 1670317354344, 1670317356048, [170, 9, 24], [-1, 1], 6.115796090071014
150, 100, 30.223523047584948, 701, 1187, 22, 1979, 4, 1670317427623, 1670317430579, [160, 10, 24], [-1, 0], 3.786459915758575
160, 90, 45.78449857279112, 426, 945, 14, 1352, 0, 1670317481910, 1670317483465, [150, 11, 23], [1, -1], 8.6418457102286
150, 80, 40.6676653904007, 360, 925, 10, 1585, 0, 1670317536034, 1670317538519, [160, 11, 23], [-1, -1], 8.59781509310797
150, 80, 25.68442434635216, 658, 1282, 33, 2592, 0, 1670317586307, 1670317590893, [150, 11, 22], [0, 0], 3.2810966206377317
140, 80, 31.63884377828093, 521, 1151, 21, 2075, 0, 1670317648510, 1670317651845, [150, 11, 23], [-1, 0], 4.890084046102153
140, 70, 34.87137375150781, 635, 1079, 52, 1727, 0, 1670317723265, 1670317726492, [140, 11, 23], [0, -1], 4.8178189764448485
130, 80, 51.563604784822545, 490, 815, 28, 1179, 0, 1670317781361, 1670317783108, [140, 10, 23], [-1, 1], 9.290739600868928
120, 90, 40.25946843551041, 641, 921, 65, 1664, 5, 1670317853970, 1670317856556, [130, 11, 23], [-1, 1], 5.77610737955673
120, 80, 47.644199167732175, 382, 829, 29, 1276, 0, 1670317907928, 1670317909556, [120, 10, 23], [0, -1], 10.10695782090203
110, 70, 47.556100517637184, 543, 1036, 23, 1436, 0, 1670317961944, 1670317963485, [120, 11, 23], [-1, -1], 7.412110429806294
100, 60, 39.435594994701646, 466, 847, 46, 1634, 0, 1670318042379, 1670318045927, [110, 9, 23], [-1, -1], 7.273256177554711
110, 70, 33.7245556498131, 610, 1302, 19, 1953, 0, 1670318101606, 1670318104132, [100, 10, 23], [1, 1], 4.506220690782081
110, 80, 32.14245991071015, 667, 1161, 31, 2040, 0, 1670318161934, 1670318163147, [110, 11, 23], [0, 1], 4.1972394764573195
110, 70, 28.28503377548202, 979, 1593, 56, 2231, 0, 1670318219277, 1670318223007, [110, 12, 23], [0, -1], 2.567165889951172
100, 60, 34.10549828562697, 597, 1158, 30, 1926, 0, 1670318275745, 1670318280765, [110, 12, 23], [-1, -1], 4.809009910550898
90, 70, 43.60614646751531, 636, 1120, 45, 1616, 0, 1670318337910, 1670318339315, [100, 11, 23], [-1, 1], 5.950620424060495
90, 60, 18.262253841069718, 852, 1252, 107, 5834, 0, 1670318414255, 1670318436007, [90, 11, 23], [0, -1], 1.9594692962521156
80, 70, 22.965086190987982, 658, 1305, 28, 3036, 0, 1670318512854, 1670318517054, [90, 9, 24], [-1, 1], 2.9165717793990327
80, 60, 54.32246193572307, 209, 486, 8, 941, 0, 1670318568403, 1670318570565, [80, 11, 23], [0, -1], 20.545560490061675
90, 60, 31.42142116408688, 519, 1009, 23, 1909, 0, 1670318643407, 1670318645945, [80, 11, 23], [1, 0], 5.092612830484097
80, 70, 40.7952581091986, 549, 1162, 32, 1809, 0, 1670318697899, 1670318702823, [90, 12, 23], [-1, 1], 6.074338610660899
90, 80, 49.8104176634042, 332, 780, 6, 1232, 0, 1670318754873, 1670318756532, [80, 11, 23], [1, 1], 11.8146151953046
100, 90, 39.38292816540295, 473, 840, 33, 1564, 0, 1670318808894, 1670318811537, [90, 12, 23], [1, 1], 7.207710132760421
100, 80, 59.153191279185975, 299, 589, 17, 1073, 0, 1670318861433, 1670318862484, [100, 10, 23], [0, -1], 16.56952136671876
100, 70, 27.30374533940999, 695, 1017, 67, 5346, 0, 1670318951500, 1670318953698, [100, 9, 23], [0, -1], 3.5954365735330516
100, 80, 32.66393933444806, 775, 1421, 46, 2332, 0, 1670319008646, 1670319018187, [100, 10, 24], [0, 1], 3.6124684068179667
90, 90, 31.507342835682515, 675, 1352, 18, 1994, 0, 1670319077127, 1670319081071, [100, 12, 24], [-1, 1], 3.887875473307319
90, 80, 32.072371255925034, 615, 1156, 39, 1993, 0, 1670319138434, 1670319142087, [90, 11, 24], [0, -1], 4.434785848440962
100, 90, 31.144312691281378, 785, 1317, 40, 2025, 0, 1670319200219, 1670319202973, [90, 13, 23], [1, 1], 3.493865009118395
100, 80, 41.450070683633896, 484, 971, 23, 1641, 0, 1670319255025, 1670319258376, [100, 12, 23], [0, -1], 7.129355122744046
110, 90, 34.09463376958409, 555, 1086, 26, 1961, 0, 1670319331528, 1670319333327, [100, 10, 23], [1, 1], 5.156478186567467
110, 90, 60.89630662689551, 329, 616, 23, 1091, 0, 1670319367913, 1670319370003, [110, 10, 24], [0, 0], 15.759913723316643
110, 80, 24.17963252915415, 847, 1654, 33, 2844, 0, 1670319436037, 1670319440579, [110, 10, 24], [0, -1], 2.397821551879626
110, 70, 39.147262806357425, 550, 1004, 31, 1716, 0, 1670319493041, 1670319501775, [110, 10, 23], [0, -1], 6.109123409231809
100, 70, 17.129833162398718, 1310, 2843, 44, 8146, 0, 1670319616641, 1670319621017, [110, 10, 23], [-1, 0], 1.0596210047258887
90, 70, 32.30017211505181, 540, 1324, 22, 1874, 0, 1670319694700, 1670319696360, [100, 11, 24], [-1, 0], 4.63550116461708
90, 60, 28.37406350772148, 669, 1293, 18, 2248, 0, 1670319753027, 1670319756402, [90, 10, 24], [0, -1], 3.57446000349225
100, 70, 47.06477694972922, 507, 854, 33, 1590, 0, 1670319811893, 1670319813431, [90, 11, 23], [1, 1], 8.165297874692785
90, 70, 29.48122284663222, 656, 1162, 72, 2186, 0, 1670319877718, 1670319881547, [100, 11, 23], [-1, 0], 3.893452568229295
90, 70, 24.546260600965887, 688, 1161, 36, 2810, 7, 1670319941193, 1670319944770, [90, 12, 23], [0, 0], 3.136501482362112
80, 80, 41.03739540873239, 561, 1035, 33, 1625, 0, 1670319998376, 1670320003002, [90, 11, 23], [-1, 1], 6.25760832704062
90, 80, 22.86958651411343, 956, 1422, 48, 3812, 0, 1670320078972, 1670320087824, [80, 12, 23], [1, 0], 2.179716594940281
100, 70, 23.79108256358096, 876, 2260, 45, 3628, 0, 1670320149659, 1670320162604, [90, 10, 23], [1, -1], 2.063764969082318
110, 60, 16.799897512976987, 1105, 2254, 39, 4046, 0, 1670320239592, 1670320244162, [100, 10, 23], [1, -1], 1.2586078448439457
110, 70, 31.969705840377912, 677, 1312, 15, 1946, 0, 1670320301937, 1670320303929, [110, 11, 24], [0, 1], 3.9763315721863077
120, 80, 39.91960141548518, 559, 1124, 13, 1818, 0, 1670320355755, 1670320365391, [110, 10, 24], [1, 1], 5.940416877304343
130, 90, 32.469467501044974, 701, 1351, 57, 1981, 0, 1670320419050, 1670320426339, [120, 10, 24], [1, 1], 3.907276474253306
130, 80, 29.788924159787758, 801, 1134, 36, 2160, 0, 1670320499006, 1670320502709, [130, 12, 24], [0, -1], 3.433485956637593
120, 80, 21.37900691457425, 668, 1658, 64, 3359, 0, 1670320578900, 1670320584827, [130, 10, 24], [-1, 0], 2.4687074959092667
130, 90, 36.20968175388677, 590, 1216, 12, 1634, 0, 1670320638231, 1670320641308, [120, 11, 23], [1, 1], 5.062874965588195
140, 90, 42.471961337943156, 427, 843, 11, 1620, 0, 1670320696520, 1670320700899, [130, 10, 23], [1, 0], 8.32457101880501
150, 100, 39.33723442345673, 379, 816, 17, 1768, 0, 1670320755156, 1670320757196, [140, 10, 23], [1, 1], 8.434226934703414
160, 100, 33.49236285055956, 625, 1147, 41, 1866, 0, 1670320810653, 1670320814795, [150, 10, 23], [1, 0], 4.591768967721355
160, 90, 50.63238124520967, 403, 668, 11, 1343, 0, 1670320866052, 1670320867720, [160, 10, 23], [0, -1], 11.103592378335454
160, 80, 33.751899794367525, 551, 1039, 29, 1933, 0, 1670320924987, 1670320928252, [160, 12, 23], [0, -1], 5.203808170577787
170, 90, 27.20434723731096, 813, 1354, 44, 2656, 0, 1670321004006, 1670321006911, [160, 11, 23], [1, 1], 2.9531423401336254
180, 80, 36.11143002669344, 956, 2463, 36, 9398, 0, 1670321097334, 1670321161261, [170, 10, 23], [1, -1], 2.8719126790753493
180, 70, 34.74340119644238, 492, 1121, 12, 1738, 0, 1670321218076, 1670321220642, [180, 8, 24], [0, -1], 5.62372955591492
180, 80, 33.3847132957108, 684, 1494, 10, 2693, 0, 1670321284549, 1670321286003, [180, 10, 23], [0, 1], 3.946183604693948
170, 70, 20.96482815028302, 749, 1297, 16, 3342, 0, 1670321356275, 1670321359912, [180, 10, 23], [-1, -1], 2.4417456499281407
160, 60, 34.366592189285015, 673, 1281, 38, 2476, 0, 1670321435879, 1670321437762, [170, 10, 23], [-1, -1], 4.325017894448152
160, 60, 26.12821878789481, 715, 1364, 56, 2456, 1, 1670321497147, 1670321501467, [160, 10, 23], [0, 0], 3.0928289284913366
150, 50, 2.847198556977675, 1781, 3997, 49, 15190, 0, 1670321655396, 1670321677242, [160, 9, 23], [-1, -1], 0.1280100061585143
160, 50, 56.65085453845158, 484, 850, 35, 1101, 0, 1670321726416, 1670321729086, [150, 9, 23], [1, 0], 10.167059321330147
170, 60, 27.24947290381303, 973, 1684, 25, 2383, 0, 1670321785601, 1670321790724, [160, 11, 23], [1, 1], 2.4434606262386147
160, 60, 22.326630274673683, 903, 1800, 33, 4458, 0, 1670321874007, 1670321877592, [170, 11, 23], [-1, 0], 2.062696810298751
170, 70, 48.22886808312094, 304, 645, 10, 1320, 0, 1670321928118, 1670321930292, [160, 9, 23], [1, 1], 12.957782934745014
170, 70, 30.271721130351423, 499, 1117, 20, 2125, 0, 1670321971796, 1670321976683, [170, 10, 24], [0, 0], 4.8621460215790915
180, 70, 27.738155153135438, 760, 1209, 43, 4207, 3, 1670322057515, 1670322062863, [170, 10, 24], [1, 0], 3.2640803898723743
170, 70, 26.537308882551695, 797, 1317, 54, 2390, 0, 1670322121878, 1670322126419, [180, 9, 23], [-1, 0], 2.945317301060122
170, 60, 33.33501362547791, 688, 1197, 55, 1849, 0, 1670322181064, 1670322184125, [170, 10, 23], [0, -1], 4.2206905071509135
160, 60, 40.46427462051291, 559, 1068, 30, 1798, 0, 1670322241540, 1670322242598, [170, 10, 23], [-1, 0], 6.123528241603043
160, 50, 41.68741396208984, 416, 998, 25, 1469, 0, 1670322295762, 1670322297885, [160, 11, 23], [0, -1], 7.830092780257295
160, 50, 20.472931861710613, 919, 2038, 17, 3056, 0, 1670322368175, 1670322373863, [160, 11, 23], [0, -1], 1.791471111455251
150, 50, 27.622365836572037, 679, 1387, 35, 2713, 0, 1670322430065, 1670322438643, [160, 10, 23], [-1, -1], 3.3661181862749245
160, 50, 30.100176485110488, 793, 1494, 22, 2104, 0, 1670322492767, 1670322497563, [150, 9, 24], [1, 0], 3.2254796919321134
170, 50, 30.181030845959732, 622, 1289, 47, 2069, 0, 1670322554958, 1670322558740, [160, 11, 24], [1, 0], 3.995370776536898
160, 50, 28.379486841589898, 871, 1440, 48, 2338, 0, 1670322622431, 1670322625057, [170, 12, 24], [-1, -1], 2.881751303979478
150, 50, 21.868001440242416, 806, 1518, 33, 3467, 0, 1670322686468, 1670322708236, [160, 12, 24], [-1, 0], 2.305778304538424
140, 50, 24.621562906938664, 617, 1316, 48, 3509, 1, 1670322784771, 1670322788202, [150, 10, 24], [-1, 0], 3.25337776254475
130, 50, 43.17212190205369, 571, 1079, 14, 1583, 0, 1670322841855, 1670322843447, [140, 11, 24], [-1, 0], 6.418691927156361
120, 60, 26.51141754698375, 1542, 4008, 37, 12281, 0, 1670323043533, 1670323045843, [130, 11, 24], [-1, 1], 1.3026443370176763
110, 50, 29.50428323753032, 630, 1339, 24, 2120, 0, 1670323100482, 1670323104224, [120, 9, 23], [-1, -1], 3.8227887065989017
100, 60, 33.1158163757378, 717, 1220, 44, 1916, 0, 1670323159858, 1670323162352, [110, 11, 23], [-1, 1], 4.050368930496306
110, 50, 5.561624393166317, 2715, 6270, 70, 13941, 0, 1670323339294, 1670323344207, [100, 12, 23], [1, -1], 0.16233579664817038
110, 60, 27.568013544870393, 566, 1226, 26, 2523, 0, 1670323400356, 1670323410984, [110, 9, 23], [0, 1], 3.94957214109891
120, 70, 14.960958026801585, 1400, 2883, 45, 7119, 0, 1670323498141, 1670323510798, [110, 10, 23], [1, 1], 0.8818199945067539
110, 80, 55.002068244484676, 436, 776, 19, 1141, 0, 1670323561737, 1670323562958, [120, 10, 24], [-1, 1], 10.913108778667596
120, 80, 11.2619621252761, 1956, 6918, 20, 13254, 0, 1670323672256, 1670323723451, [110, 10, 24], [1, 0], 0.3819685973842117
130, 80, 34.2910327113341, 541, 1155, 28, 1975, 0, 1670323778168, 1670323782400, [120, 10, 24], [1, 0], 5.165868139700828
130, 80, 48.96701988052149, 384, 898, 10, 1379, 0, 1670323821841, 1670323823544, [130, 11, 24], [0, 0], 10.05896053420737
120, 90, 37.01589662223761, 555, 1120, 17, 1711, 0, 1670323875292, 1670323879795, [130, 10, 24], [-1, 1], 5.541301889556529
120, 100, 26.118230275562475, 803, 1562, 33, 2287, 0, 1670323943498, 1670323945882, [120, 10, 24], [0, 1], 2.735466095052626
110, 100, 36.11497375145676, 504, 986, 26, 1685, 0, 1670323997546, 1670324001932, [120, 12, 24], [-1, 0], 6.015152190449159
120, 100, 32.545145286624226, 759, 1412, 35, 1956, 0, 1670324057641, 1670324060248, [110, 10, 23], [1, 0], 3.6584021230467876
130, 90, 29.670916016791814, 669, 1517, 21, 2010, 0, 1670324115305, 1670324122224, [120, 10, 23], [1, -1], 3.538148821463369
120, 100, 42.98525599809181, 499, 949, 45, 1484, 0, 1670324178279, 1670324182129, [130, 11, 24], [-1, 1], 7.298006111730358
110, 90, 25.54824372377193, 842, 1480, 25, 2288, 0, 1670324256166, 1670324260046, [120, 11, 24], [-1, -1], 2.6349261266266426
120, 80, 31.7770795256831, 756, 1070, 34, 2860, 0, 1670324337652, 1670324340143, [110, 11, 24], [1, -1], 3.8809330148611503
120, 70, 34.96415410683844, 546, 1007, 18, 1865, 0, 1670324392462, 1670324396022, [120, 9, 24], [0, -1], 5.478557522224763
110, 60, 22.83558483396381, 816, 1657, 45, 2849, 0, 1670324454834, 1670324462054, [120, 11, 24], [-1, -1], 2.3202179266372496
100, 50, 26.874877314212, 767, 1506, 38, 2312, 0, 1670324529266, 1670324533683, [110, 11, 24], [-1, -1], 2.937787200941408
100, 50, 33.23192963517351, 513, 963, 14, 1844, 0, 1670324571666, 1670324575397, [100, 12, 25], [0, 0], 5.511099441985657
100, 60, 42.03203822045113, 569, 924, 37, 1366, 0, 1670324628104, 1670324630593, [100, 11, 24], [0, 1], 6.567505971945489
100, 50, 40.97503327838462, 567, 979, 23, 1574, 0, 1670324681184, 1670324683813, [100, 11, 24], [0, -1], 6.309675589526427
110, 50, 63.89626649074438, 292, 552, 9, 999, 0, 1670324734970, 1670324736697, [100, 11, 24], [1, 0], 18.57449607289081
100, 60, 21.81638702252119, 845, 1323, 37, 5555, 5, 1670324827798, 1670324831334, [110, 10, 23], [-1, 1], 2.319411760846395
100, 70, 37.33606732749496, 456, 891, 18, 1694, 0, 1670324885062, 1670324887466, [100, 9, 23], [0, 1], 6.875887168967765
110, 60, 36.556080773196285, 620, 1128, 33, 1682, 0, 1670324940362, 1670324943580, [100, 12, 24], [1, -1], 5.065975716906359
120, 60, 35.44972516606832, 371, 849, 18, 1971, 0, 1670324998661, 1670325004126, [110, 11, 24], [1, 0], 7.5974550291616625
110, 50, 38.59730876837783, 521, 1011, 19, 1715, 0, 1670325056066, 1670325060287, [120, 10, 24], [-1, -1], 6.235429526393833
110, 60, 23.864247666186486, 918, 1761, 14, 2653, 0, 1670325138848, 1670325143714, [110, 11, 24], [0, 1], 2.196231149106063
100, 70, 10.257235171017978, 786, 1250, 41, 7052, 0, 1670325238517, 1670325246353, [110, 10, 24], [-1, 1], 1.1671865237844763
90, 80, 36.307434359504825, 652, 1135, 33, 1706, 0, 1670325302804, 1670325306557, [100, 10, 24], [-1, 1], 4.850044664641307
100, 90, 30.964560258939912, 754, 1151, 33, 2134, 13, 1670325378055, 1670325381322, [90, 11, 24], [1, 1], 3.7154499950731834
100, 80, 30.357760481800447, 482, 1138, 12, 2333, 0, 1670325446700, 1670325449246, [100, 10, 24], [0, -1], 4.950711102707183
100, 80, 34.47241308285553, 707, 1295, 23, 2211, 0, 1670325488705, 1670325497955, [100, 10, 24], [0, 0], 4.180501222757159
90, 80, 41.523934221452315, 338, 833, 26, 1515, 0, 1670325552053, 1670325555753, [100, 10, 24], [-1, 0], 9.502044444268263
80, 90, 37.13373256249025, 678, 1407, 33, 1761, 0, 1670325607851, 1670325611870, [90, 11, 24], [-1, 1], 4.507615023366139
70, 100, 22.435961676739442, 660, 1268, 19, 2756, 0, 1670325697825, 1670325703762, [80, 10, 24], [-1, 1], 2.8705171029605223
60, 100, 28.738611792370353, 529, 1146, 39, 2133, 0, 1670325762637, 1670325766521, [70, 10, 23], [-1, 0], 4.405060054011396
50, 100, 39.84653666715498, 586, 1065, 26, 1662, 0, 1670325818780, 1670325822275, [60, 11, 23], [-1, 1], 5.844314559570986
40, 100, 44.89429157654953, 582, 912, 39, 1478, 0, 1670325874801, 1670325876737, [50, 12, 23], [-1, 0], 6.928131416134187
30, 100, 46.3865537273782, 431, 807, 34, 1170, 0, 1670325926267, 1670325929751, [40, 12, 24], [-1, 0], 9.163681099837651
40, 90, 30.729723669064548, 771, 1264, 35, 2142, 0, 1670325990726, 1670325995361, [30, 12, 24], [1, -1], 3.533776870867588
30, 100, 22.534192111073, 731, 1080, 39, 5528, 0, 1670326067232, 1670326089215, [40, 13, 24], [-1, 1], 2.8139600538302947
20, 100, 32.391747646609616, 669, 1171, 51, 2401, 0, 1670326148823, 1670326152690, [30, 12, 24], [-1, 0], 4.210000993840604
30, 100, 26.222885226561015, 567, 1072, 44, 2650, 0, 1670326227153, 1670326230738, [20, 15, 25], [1, 1], 3.9255816207426673
30, 100, 30.576521958511066, 611, 1177, 38, 2047, 0, 1670326288509, 1670326293947, [30, 12, 24], [0, 1], 4.222110184826162
20, 100, 37.11416082407335, 495, 852, 28, 1613, 0, 1670326361351, 1670326363628, [30, 12, 25], [-1, 1], 6.55264138843103
30, 100, 28.27030228593203, 683, 1299, 48, 2159, 0, 1670326419454, 1670326423674, [20, 14, 25], [1, 1], 3.5066115462580036
40, 90, 36.71573359420469, 791, 1740, 29, 6202, 0, 1670326497929, 1670326545446, [30, 13, 25], [1, -1], 3.7434475524270683
50, 100, 35.491228580138014, 296, 766, 16, 1737, 0, 1670326601098, 1670326603651, [40, 10, 25], [1, 1], 9.100315020548209
40, 100, 28.97449318965497, 751, 1443, 50, 4070, 0, 1670326688644, 1670326692643, [50, 11, 25], [-1, 1], 3.2577572734039766
30, 100, 27.438736057467384, 774, 1161, 44, 2408, 0, 1670326748224, 1670326770189, [40, 11, 25], [-1, 1], 3.2227784892491638
20, 90, 33.01433019029033, 573, 911, 41, 1996, 0, 1670326824538, 1670326828508, [30, 12, 25], [-1, -1], 5.153657538290717
10, 90, 46.93174002339039, 454, 771, 32, 1234, 0, 1670326879175, 1670326881561, [20, 15, 25], [-1, 0], 9.070688060183683
20, 90, 51.65223409438928, 380, 553, 24, 1356, 0, 1670326931049, 1670326934508, [10, 13, 25], [1, 0], 12.45832949695834
30, 80, 54.733276565382845, 376, 560, 29, 1182, 0, 1670326982983, 1670326987137, [20, 12, 25], [1, -1], 13.25903017572259
20, 70, 35.5427829512928, 604, 892, 56, 1811, 0, 1670327058607, 1670327061115, [30, 11, 25], [-1, -1], 5.37224651621717
30, 60, 28.147831739360736, 537, 996, 39, 2242, 0, 1670327119782, 1670327123455, [20, 12, 25], [1, -1], 4.476436345318183
40, 70, 20.848868236832413, 706, 1156, 37, 5623, 2, 1670327214859, 1670327218852, [30, 14, 25], [1, 1], 2.619204552365881
50, 60, 33.64035004436378, 703, 1148, 52, 2045, 0, 1670327290520, 1670327294695, [40, 12, 25], [1, -1], 4.247518944995426
40, 50, 33.80105444552514, 524, 973, 49, 1911, 0, 1670327348392, 1670327351869, [50, 12, 25], [-1, -1], 5.506851489984545
40, 50, 29.016975662937984, 683, 1250, 18, 2220, 0, 1670327414205, 1670327417741, [40, 14, 26], [0, -1], 3.643517787912856
40, 50, 46.62720287978678, 429, 808, 31, 1229, 0, 1670327453427, 1670327455550, [40, 14, 26], [0, 0], 9.236767606930819
30, 50, 34.884384302382536, 484, 793, 15, 1820, 0, 1670327509205, 1670327512136, [40, 15, 26], [-1, 0], 6.391422554485623
40, 60, 33.25968893903993, 429, 866, 35, 1899, 0, 1670327570034, 1670327573677, [30, 13, 27], [1, 1], 6.440683373168072
40, 50, 35.96894327762858, 467, 972, 34, 1731, 0, 1670327631758, 1670327633900, [40, 13, 27], [0, -1], 6.332560436202216
30, 50, 52.864412535436756, 292, 510, 27, 1091, 2, 1670327702636, 1670327704941, [40, 14, 27], [-1, 0], 15.752208741190927
40, 50, 31.542611850599826, 626, 1157, 25, 1984, 0, 1670327759313, 1670327763403, [30, 13, 27], [1, 0], 4.307922951461325
50, 50, 31.77567913716574, 729, 1315, 40, 2000, 0, 1670327816918, 1670327820623, [40, 14, 27], [1, 0], 3.7551027106080994
60, 50, 31.317133066659473, 781, 1398, 70, 1959, 0, 1670327888587, 1670327891271, [50, 14, 27], [1, 0], 3.4627524399225416
50, 60, 23.19525169298297, 786, 1353, 29, 2843, 0, 1670327958977, 1670327966433, [60, 14, 26], [-1, 1], 2.5789695011099587
60, 70, 35.524802458141856, 562, 1054, 39, 1726, 0, 1670328024596, 1670328027773, [50, 13, 25], [1, 1], 5.379285653867633
70, 80, 34.48921176654056, 565, 1130, 23, 1857, 0, 1670328080308, 1670328084016, [60, 12, 26], [1, 1], 5.086904390345215
60, 70, 29.992749340207617, 631, 1224, 34, 2228, 0, 1670328141356, 1670328143731, [70, 13, 26], [-1, -1], 4.001167201201657
70, 60, 19.467114850630075, 779, 1382, 40, 3458, 0, 1670328206199, 1670328227656, [60, 13, 26], [1, -1], 2.1639745276378473
80, 70, 25.447034931500916, 827, 1387, 36, 2472, 0, 1670328287543, 1670328291565, [70, 14, 26], [1, 1], 2.710014369701908
80, 80, 41.03953399732175, 466, 911, 26, 1825, 0, 1670328343040, 1670328347531, [80, 14, 26], [0, 1], 7.394510630148063
80, 70, 40.23420508981544, 486, 956, 28, 1693, 0, 1670328401233, 1670328403120, [80, 11, 26], [0, -1], 6.936931912037145
90, 60, 23.345305558758557, 839, 1732, 19, 2447, 0, 1670328462677, 1670328466887, [80, 11, 26], [1, -1], 2.294153455066682
80, 50, 26.078090157812987, 557, 1153, 23, 2453, 0, 1670328522678, 1670328527271, [90, 13, 26], [-1, -1], 3.8565646491885515
90, 60, 17.96849531470234, 729, 1141, 36, 6114, 1, 1670328620195, 1670328623444, [80, 12, 25], [1, 1], 2.2145052150237046
90, 60, 21.478820669583477, 890, 1611, 33, 3035, 0, 1670328686679, 1670328690779, [90, 10, 24], [0, 0], 2.0768536713965844
80, 60, 32.022930656651326, 606, 1212, 16, 1960, 0, 1670328746419, 1670328750341, [90, 11, 24], [-1, 0], 4.403593324622019
70, 60, 35.9309345920495, 643, 989, 37, 2217, 0, 1670328819094, 1670328825226, [80, 11, 24], [-1, 0], 5.045062425168422
60, 60, 41.69571288159945, 600, 1035, 44, 1973, 0, 1670328880574, 1670328884459, [70, 10, 24], [-1, 0], 6.069244960931506
60, 60, 30.510928777445542, 549, 1074, 13, 2035, 0, 1670328928770, 1670328931797, [60, 11, 24], [0, 0], 4.665279629578829
60, 60, 32.56085852101289, 501, 969, 14, 1960, 0, 1670328970095, 1670328973759, [60, 12, 24], [0, 0], 5.476094604946668
70, 60, 33.81852204418169, 623, 1085, 24, 1915, 0, 1670329027498, 1670329030923, [60, 11, 24], [1, 0], 4.727218625130233
80, 50, 36.6704743578296, 535, 963, 28, 1701, 0, 1670329085942, 1670329088625, [70, 10, 24], [1, -1], 5.908874372837512
90, 50, 31.8118603536294, 718, 1303, 32, 1919, 0, 1670329143783, 1670329147427, [80, 11, 25], [1, 0], 3.8098036351651974
80, 50, 30.079052291143697, 537, 1066, 29, 2250, 0, 1670329209861, 1670329215578, [90, 14, 25], [-1, 0], 4.679379634589871
70, 50, 24.324380150499355, 727, 1358, 31, 2695, 0, 1670329274821, 1670329282576, [80, 13, 26], [-1, -1], 2.8509587611930796
60, 50, 24.93951780684855, 758, 1432, 30, 2437, 0, 1670329345654, 1670329350050, [70, 11, 26], [-1, 0], 2.793404772272463
60, 50, 27.064601583521217, 837, 1500, 53, 2318, 0, 1670329408509, 1670329412343, [60, 13, 25], [0, -1], 2.791316169917617
70, 50, 20.06045245205799, 868, 1521, 20, 3472, 0, 1670329483206, 1670329486964, [60, 13, 26], [1, 0], 2.008857645910073
80, 50, 22.79681022535597, 793, 1542, 33, 2964, 0, 1670329549893, 1670329553668, [70, 14, 26], [1, 0], 2.4179900536016086
80, 60, 14.970824503174367, 681, 1248, 45, 4184, 0, 1670329620128, 1670329641581, [80, 14, 26], [0, 1], 1.884544877036048
80, 50, 44.59602946273876, 375, 810, 12, 1391, 0, 1670329691985, 1670329696216, [80, 12, 26], [0, -1], 9.652820230030034
90, 60, 32.3229960562, 630, 1201, 56, 1967, 0, 1670329750012, 1670329771653, [80, 10, 26], [1, 1], 4.343321157780166
80, 60, 29.056883118211907, 617, 1208, 31, 1971, 0, 1670329831574, 1670329834355, [90, 10, 26], [-1, 0], 3.9522419910516735
80, 60, 33.1609216913407, 544, 1076, 21, 1829, 0, 1670329871274, 1670329878118, [80, 14, 26], [0, 0], 5.098542695470586
70, 70, 41.99127365766752, 419, 865, 11, 1593, 0, 1670329928898, 1670329935535, [80, 10, 26], [-1, 1], 8.262745702020368
60, 80, 32.69509648559442, 626, 1216, 23, 1900, 0, 1670329989432, 1670329993230, [70, 10, 26], [-1, 1], 4.394502215805701
50, 70, 33.39412478390956, 539, 1156, 29, 1885, 0, 1670330046239, 1670330050536, [60, 13, 25], [-1, -1], 5.041383572450115
50, 70, 31.614726213687547, 578, 1066, 29, 2044, 0, 1670330090050, 1670330093789, [50, 12, 25], [0, 0], 4.6795035840271675
50, 60, 29.315167551023364, 621, 1240, 20, 2110, 0, 1670330149071, 1670330153789, [50, 12, 25], [0, -1], 3.9359784574413754
50, 70, 28.333738919640332, 567, 1050, 29, 2216, 0, 1670330212419, 1670330216076, [50, 12, 25], [0, 1], 4.269701464683594
40, 80, 31.055408984282913, 638, 1092, 42, 2102, 0, 1670330270262, 1670330277607, [50, 12, 25], [-1, 1], 4.261170277755613
40, 70, 33.264078221568646, 549, 1149, 19, 1870, 0, 1670330331245, 1670330334711, [40, 12, 25], [0, -1], 4.972209001729244
40, 70, 32.407318503792325, 439, 964, 18, 2030, 0, 1670330375350, 1670330376924, [40, 12, 26], [0, 0], 5.957227666138295
50, 80, 30.987145384361455, 687, 1303, 30, 2503, 0, 1670330433050, 1670330446103, [40, 13, 26], [1, 1], 3.824629151365275
40, 90, 30.246527340748372, 661, 1137, 66, 1980, 0, 1670330500417, 1670330504325, [50, 11, 26], [-1, 1], 3.9998052553224506
50, 90, 29.400079262762876, 650, 1152, 36, 2122, 0, 1670330569968, 1670330573953, [40, 13, 26], [1, 0], 3.9179210104961193
40, 90, 29.653005188428335, 697, 1307, 46, 2194, 0, 1670330630527, 1670330634400, [50, 12, 25], [-1, 0], 3.6206355541426536
40, 90, 27.15888479639874, 540, 1057, 19, 2547, 0, 1670330681488, 1670330684687, [40, 12, 25], [0, 0], 4.221150885358835
50, 100, 32.39392172473468, 739, 1281, 38, 1938, 0, 1670330738251, 1670330742183, [40, 13, 25], [1, 1], 3.8227427100229736
60, 100, 23.966772813275487, 896, 1690, 65, 4525, 0, 1670330826796, 1670330829309, [50, 12, 25], [1, 0], 2.2721627619715097
50, 100, 33.57310836318317, 742, 1280, 37, 1915, 0, 1670330902302, 1670330904050, [60, 13, 25], [-1, 0], 3.9516370483972656
40, 100, 31.74089030310222, 590, 1159, 23, 1915, 0, 1670330957346, 1670330960832, [50, 11, 25], [-1, 0], 4.509930421014809
30, 90, 41.21509238623504, 569, 741, 13, 1676, 0, 1670331032120, 1670331034239, [40, 12, 25], [-1, -1], 6.830476033515915
40, 80, 52.16667169065372, 353, 655, 12, 1322, 0, 1670331083123, 1670331087732, [30, 10, 26], [1, -1], 12.618933645537908
50, 70, 26.005345874080923, 882, 1636, 15, 2396, 0, 1670331147882, 1670331152235, [40, 10, 26], [1, -1], 2.5179459599226295
40, 80, 55.30435389262691, 314, 546, 21, 1259, 0, 1670331201633, 1670331203709, [50, 14, 26], [-1, 1], 15.345270225479164
30, 80, 36.423520302740826, 576, 1009, 25, 1872, 0, 1670331259652, 1670331262925, [40, 12, 26], [-1, 0], 5.4970601120949025
20, 90, 32.79626117351802, 535, 947, 19, 1895, 0, 1670331319134, 1670331322997, [30, 13, 26], [-1, 1], 5.311995654926793
30, 80, 33.499624380343114, 614, 1129, 54, 1928, 1, 1670331396097, 1670331398578, [20, 14, 26], [1, -1], 4.672193079545762
40, 70, 37.00913213036111, 393, 783, 17, 1746, 0, 1670331462012, 1670331464473, [30, 11, 26], [1, -1], 7.857565208144608
40, 60, 30.64330162571902, 546, 968, 17, 2137, 0, 1670331517681, 1670331522047, [40, 13, 26], [0, -1], 4.860929826414819
30, 70, 43.42021746779606, 417, 746, 12, 1532, 0, 1670331573147, 1670331579769, [40, 13, 27], [-1, 1], 8.993417039725776
