110, 60, 28.81103868204168, 599, 1119, 34, 2251, 0, 1670154857000, 1670154861112, [100, 7, 24], [1, -1], 42.002443844174906
120, 70, 32.62596035505957, 509, 1110, 15, 1956, 0, 1670154914963, 1670154918177, [110, 10, 25], [1, 1], 54.729929256203455
110, 80, 30.920126847076723, 661, 1145, 42, 2135, 0, 1670154977785, 1670154982142, [120, 10, 25], [-1, 1], 50.976161155237676
100, 80, 26.704282859019553, 757, 1320, 24, 2465, 0, 1670155041260, 1670155045031, [110, 9, 25], [-1, 0], 46.30609714060755
90, 90, 28.743805353985323, 563, 1087, 48, 2275, 0, 1670155102458, 1670155106448, [100, 10, 25], [-1, 1], 66.3741071628225
90, 100, 26.612481108732975, 651, 1496, 31, 2360, 0, 1670155148343, 1670155152961, [90, 10, 25], [0, 1], 66.01096440441351
100, 100, 20.65438936963538, 874, 1485, 60, 3197, 0, 1670155214080, 1670155221334, [90, 12, 25], [1, 0], 52.26749144327887
90, 100, 21.209733202128717, 990, 2026, 41, 3693, 0, 1670155298329, 1670155301323, [100, 9, 25], [-1, 1], 46.518597785950895
90, 100, 29.852123555221556, 845, 1591, 23, 2955, 0, 1670155344279, 1670155361467, [90, 10, 25], [0, 0], 51.845250534000485
100, 90, 23.95828932502048, 964, 1969, 38, 3295, 0, 1670155433670, 1670155436821, [90, 11, 25], [1, -1], 42.45951326399072
90, 90, 22.548595175118727, 818, 1254, 37, 3048, 0, 1670155514547, 1670155517281, [100, 10, 25], [-1, 0], 49.5488641597763
100, 80, 25.143868354262374, 615, 1410, 35, 2795, 0, 1670155580846, 1670155584289, [90, 10, 24], [1, -1], 55.899065138426465
90, 70, 35.91512069796288, 647, 1036, 61, 2269, 0, 1670155656983, 1670155660459, [100, 10, 24], [-1, -1], 44.26678803576182
100, 80, 19.992670733024244, 902, 1679, 24, 3287, 0, 1670155721892, 1670155728736, [90, 10, 24], [1, 1], 40.73441365944119
110, 80, 30.99569793894048, 674, 1321, 34, 1978, 0, 1670155784813, 1670155788553, [100, 9, 25], [1, 0], 50.12639421959211
100, 90, 31.40989214964479, 746, 1458, 53, 2019, 0, 1670155843333, 1670155846968, [110, 11, 24], [-1, 1], 51.62684396298223
110, 90, 30.22012877234424, 698, 1206, 32, 2070, 0, 1670155920448, 1670155923383, [100, 11, 25], [1, 0], 54.953072115885504
110, 100, 35.6759128242298, 616, 1212, 34, 1832, 0, 1670155965969, 1670155968541, [110, 10, 25], [0, 1], 65.90188397608287
110, 90, 15.239701599941348, 1076, 1854, 22, 6346, 0, 1670156029841, 1670156050570, [110, 10, 24], [0, -1], 39.57927037171615
120, 100, 32.10067889448218, 732, 1278, 54, 2016, 0, 1670156109985, 1670156113495, [110, 9, 25], [1, 1], 58.11232239825651
120, 90, 29.042507439407096, 653, 1308, 45, 2196, 0, 1670156168328, 1670156171993, [120, 10, 25], [0, -1], 58.50461960170219
120, 90, 26.77938216203325, 796, 1491, 15, 2911, 0, 1670156220120, 1670156228566, [120, 9, 24], [0, 0], 49.82740183036865
110, 90, 26.415277815318184, 912, 1511, 42, 2500, 2, 1670156301626, 1670156305372, [120, 9, 25], [-1, 0], 44.21904256931635
100, 100, 48.56171855213705, 400, 861, 17, 1333, 0, 1670156356322, 1670156358757, [110, 9, 25], [-1, 1], 84.14011443744293
90, 100, 29.88140094377628, 844, 1412, 55, 2109, 0, 1670156413083, 1670156417998, [100, 9, 24], [-1, 0], 51.892756979263844
80, 100, 38.96401542382782, 697, 1114, 48, 1717, 0, 1670156487374, 1670156490747, [90, 10, 24], [-1, 0], 58.62653998215098
90, 90, 31.005430700910402, 652, 1236, 39, 1978, 0, 1670156548612, 1670156552572, [80, 9, 25], [1, -1], 57.98806744406876
90, 100, 27.168189153773426, 849, 1690, 22, 2275, 0, 1670156603833, 1670156608507, [90, 9, 24], [0, 1], 52.20990119498191
100, 90, 14.732949307144644, 1084, 2588, 43, 15039, 0, 1670156729152, 1670156797106, [90, 10, 25], [1, -1], 39.37242809161281
110, 80, 30.806790172796, 719, 1309, 33, 2085, 0, 1670156869458, 1670156873376, [100, 9, 24], [1, -1], 47.49312521241123
100, 80, 36.780746822503644, 513, 989, 21, 1847, 0, 1670156927333, 1670156929905, [110, 9, 24], [-1, 0], 60.5947691114514
100, 70, 36.94544402014353, 569, 1097, 21, 1805, 0, 1670156968275, 1670156971815, [100, 12, 25], [0, -1], 48.8293664375552
90, 70, 42.04094086908615, 584, 1064, 30, 1533, 0, 1670157025334, 1670157028302, [100, 10, 25], [-1, 0], 46.532419799429405
100, 80, 27.105151417135886, 888, 1597, 18, 2567, 0, 1670157096020, 1670157099384, [90, 11, 25], [1, 1], 40.14369009677614
110, 80, 28.817312528065123, 981, 1786, 37, 3243, 0, 1670157159318, 1670157174239, [100, 10, 25], [1, 0], 36.487386648767085
100, 90, 26.467964091892753, 835, 1855, 15, 2720, 0, 1670157243654, 1670157247423, [110, 11, 25], [-1, 1], 47.827979650418854
110, 90, 30.89997930805582, 629, 1221, 47, 2115, 0, 1670157322448, 1670157325894, [100, 10, 25], [1, 0], 59.79272515135653
110, 80, 24.316723852965566, 619, 1564, 24, 2978, 0, 1670157378588, 1670157381986, [110, 10, 25], [0, -1], 55.8451050247122
100, 70, 31.54294850631883, 688, 1348, 21, 2107, 0, 1670157437731, 1670157441019, [110, 10, 24], [-1, -1], 42.988470316515844
90, 70, 32.853530949265064, 512, 992, 26, 2010, 0, 1670157493953, 1670157498507, [100, 10, 25], [-1, 0], 54.397313806930626
100, 70, 29.491299385077962, 744, 1376, 54, 2123, 0, 1670157556596, 1670157560612, [90, 10, 25], [1, 0], 40.60488764497146
110, 70, 34.01219537605259, 539, 1119, 17, 1930, 0, 1670157614267, 1670157619181, [100, 9, 25], [1, 0], 51.84810484660019
120, 60, 24.581793731092027, 946, 1511, 71, 2682, 0, 1670157695219, 1670157698484, [110, 10, 26], [1, -1], 28.72662966198562
110, 70, 31.113059088271918, 677, 1322, 23, 2084, 0, 1670157752085, 1670157759438, [120, 10, 26], [-1, 1], 43.67072473247227
120, 80, 35.19153299200089, 653, 1164, 26, 1702, 0, 1670157812769, 1670157820791, [110, 10, 26], [1, 1], 50.39267661978351
130, 80, 37.69160615654767, 536, 986, 33, 1657, 0, 1670157873101, 1670157894984, [120, 11, 26], [1, 0], 58.24396558374579
140, 80, 32.7130509087644, 766, 1309, 31, 2052, 0, 1670157950107, 1670157953461, [130, 10, 27], [1, 0], 44.600436769709475
130, 80, 22.043313165206285, 1108, 2223, 48, 3070, 0, 1670158037141, 1670158040602, [140, 10, 26], [-1, 0], 33.43997193635794
120, 70, 35.63591901969035, 510, 1142, 19, 1818, 0, 1670158096122, 1670158098773, [130, 9, 24], [-1, -1], 53.636256518982094
110, 80, 29.951575021137568, 723, 1307, 35, 2075, 0, 1670158154170, 1670158161024, [120, 10, 25], [-1, 1], 47.460490027171375
120, 90, 36.60648187265366, 593, 1142, 45, 1666, 0, 1670158216369, 1670158220143, [110, 11, 25], [1, 1], 60.85802286202787
120, 80, 25.09826252577695, 921, 1615, 40, 2450, 0, 1670158262471, 1670158271466, [120, 10, 25], [0, -1], 39.16220107035393
130, 90, 19.918565002803202, 945, 1750, 41, 3664, 0, 1670158333673, 1670158343561, [120, 11, 25], [1, 1], 43.91639544015439
120, 100, 22.329461479861614, 1009, 1745, 33, 2740, 0, 1670158404700, 1670158409166, [130, 10, 25], [-1, 1], 45.52416241415341
110, 90, 31.550067129803487, 701, 1326, 12, 1912, 0, 1670158462138, 1670158466063, [120, 11, 26], [-1, -1], 54.400369188171695
100, 100, 29.471708167021745, 531, 1044, 34, 2145, 0, 1670158520710, 1670158524525, [110, 10, 27], [-1, 1], 77.05503869513034
90, 100, 38.27872757103874, 452, 815, 19, 1722, 0, 1670158576396, 1670158580614, [100, 10, 27], [-1, 1], 82.62893402596967
90, 100, 37.95630861104065, 569, 990, 38, 1849, 0, 1670158620818, 1670158623241, [90, 11, 26], [0, 1], 69.36494119626046
100, 100, 15.701873203784071, 1209, 2858, 65, 4193, 0, 1670158702266, 1670158706778, [90, 10, 26], [1, 1], 39.31412598405547
100, 100, 30.580843068079126, 648, 1406, 22, 2125, 0, 1670158748731, 1670158752325, [100, 10, 26], [0, 0], 64.90780599387621
100, 100, 26.506279042782968, 805, 1489, 25, 2391, 0, 1670158796428, 1670158798548, [100, 10, 26], [0, 0], 54.883228917047475
110, 90, 31.898390557424037, 679, 1452, 42, 1969, 0, 1670158852488, 1670158856371, [100, 9, 26], [1, -1], 55.79017997069657
110, 100, 28.49589174780953, 749, 1287, 38, 2259, 0, 1670158897034, 1670158901655, [110, 11, 26], [0, 1], 57.93853082779229
100, 100, 39.1650544169088, 620, 1045, 54, 1632, 0, 1670158954297, 1670158958233, [110, 11, 26], [-1, 1], 64.37821696359508
90, 100, 26.95175358283283, 780, 1367, 24, 2205, 0, 1670159031603, 1670159035127, [100, 11, 26], [-1, 0], 56.31854580204961
80, 90, 36.8945169095025, 618, 1027, 28, 1718, 0, 1670159086646, 1670159093625, [90, 10, 26], [-1, -1], 58.77911332914182
70, 90, 35.10591370084569, 525, 1052, 37, 1870, 0, 1670159165966, 1670159167580, [80, 10, 26], [-1, 0], 67.6260900482963
70, 80, 39.56580801736409, 655, 1110, 40, 1651, 0, 1670159208742, 1670159211085, [70, 9, 26], [0, -1], 49.18456709055282
80, 90, 30.120041443907084, 529, 993, 11, 2127, 0, 1670159265650, 1670159272019, [70, 11, 24], [1, 1], 69.28618050446494
80, 80, 32.89029550362231, 633, 1117, 44, 2022, 0, 1670159328442, 1670159332379, [80, 9, 24], [0, -1], 52.31759202658808
80, 70, 20.222663190273018, 710, 1345, 50, 5631, 0, 1670159389847, 1670159414215, [80, 9, 24], [0, -1], 44.253905236850244
70, 70, 30.02533030407774, 650, 1198, 56, 2268, 0, 1670159480379, 1670159482286, [80, 9, 25], [-1, 0], 45.448565059881226
70, 60, 19.244381645889455, 692, 1147, 35, 5778, 0, 1670159539570, 1670159561587, [70, 11, 25], [0, -1], 39.01284363053511
80, 60, 31.404886481657883, 663, 1264, 36, 2048, 0, 1670159616486, 1670159620010, [70, 10, 25], [1, 0], 38.04115705089438
70, 70, 35.81899543446597, 580, 1156, 56, 1993, 0, 1670159672978, 1670159694989, [80, 10, 25], [-1, 1], 48.390933590665
80, 80, 40.809596344429515, 480, 945, 28, 1576, 0, 1670159747908, 1670159750627, [70, 10, 25], [1, 1], 62.18534358224203
70, 70, 33.15814926411964, 504, 883, 41, 2011, 0, 1670159806707, 1670159811461, [80, 10, 25], [-1, -1], 54.976763932329696
70, 60, 32.39728219437773, 688, 1224, 36, 1895, 0, 1670159852173, 1670159854951, [70, 11, 26], [0, -1], 36.69324718744377
80, 70, 20.886776148660367, 887, 1410, 53, 3537, 0, 1670159917131, 1670159924724, [70, 12, 26], [1, 1], 36.062134268710324
70, 60, 22.091464718538187, 656, 1229, 23, 3250, 2, 1670160004260, 1670160008423, [80, 10, 25], [-1, -1], 40.3027619313099
60, 70, 36.917595693547824, 612, 1155, 41, 1820, 0, 1670160062782, 1670160065425, [70, 11, 25], [-1, 1], 46.07261358825884
50, 70, 38.78784442441558, 450, 825, 18, 1631, 0, 1670160117938, 1670160120367, [60, 12, 25], [-1, 0], 57.83676826971752
40, 80, 37.63389541460499, 568, 905, 34, 1704, 0, 1670160184863, 1670160187454, [50, 12, 26], [-1, 1], 55.668781089000184
30, 80, 40.95568366441622, 485, 957, 39, 1541, 0, 1670160239939, 1670160242354, [40, 12, 26], [-1, 0], 61.65012084711397
40, 90, 40.221370162015084, 509, 1019, 24, 1672, 0, 1670160293487, 1670160298071, [30, 13, 27], [1, 1], 67.17566106443465
30, 80, 45.63402081745213, 404, 758, 25, 1287, 0, 1670160357195, 1670160360074, [40, 12, 27], [-1, -1], 68.19699783346469
20, 90, 31.744076254844728, 542, 907, 37, 1907, 0, 1670160413729, 1670160417698, [30, 14, 27], [-1, 1], 67.26695648614405
30, 100, 29.256576897162965, 773, 1358, 48, 2186, 0, 1670160483241, 1670160487894, [20, 14, 28], [1, 1], 56.17811470704163
30, 100, 45.11932187995113, 478, 869, 22, 1466, 0, 1670160525015, 1670160527011, [30, 11, 26], [0, 1], 75.9327632822813
20, 100, 44.92309143786238, 430, 751, 36, 1294, 0, 1670160584306, 1670160586573, [30, 13, 26], [-1, 0], 82.00857154964487
10, 100, 50.310499346859956, 398, 619, 17, 1089, 0, 1670160637400, 1670160639530, [20, 13, 26], [-1, 1], 83.43874464404821
10, 100, 37.20635059991899, 622, 807, 28, 1906, 6, 1670160712382, 1670160713993, [10, 14, 26], [-1, 1], 64.86553225197787
10, 100, 54.68673054443824, 277, 419, 19, 1003, 0, 1670160762370, 1670160764834, [10, 13, 27], [-1, 0], 100.85791310686585
10, 100, 46.3160746743798, 372, 652, 30, 1287, 0, 1670160819238, 1670160821592, [10, 14, 28], [-1, 1], 89.72403241489509
20, 100, 37.01603908474918, 434, 827, 27, 1805, 0, 1670160877791, 1670160880179, [10, 15, 28], [1, 1], 85.90118366759518
10, 90, 47.721190560428695, 471, 689, 50, 1183, 0, 1670160933448, 1670160936010, [20, 15, 29], [-1, -1], 67.98766577975151
20, 80, 36.669285048874805, 447, 832, 33, 1812, 0, 1670160992142, 1670160994478, [10, 17, 29], [1, -1], 67.37668893032989
10, 70, 35.12993412153745, 582, 807, 44, 2286, 0, 1670161063065, 1670161065292, [20, 15, 30], [-1, -1], 48.44158329877114
10, 80, 60.30591046094619, 268, 535, 19, 738, 0, 1670161097907, 1670161100507, [10, 20, 30], [0, 1], 78.55094837146397
10, 70, 50.689283080111885, 313, 482, 15, 1322, 0, 1670161151714, 1670161153853, [10, 17, 30], [-1, -1], 67.86139794622169
10, 70, 56.408072526256376, 321, 511, 34, 973, 3, 1670161206120, 1670161208923, [10, 14, 30], [0, 0], 64.02841660392103
10, 80, 40.10831600339721, 474, 593, 40, 4799, 3, 1670161297115, 1670161299111, [10, 13, 30], [-1, 1], 63.04839652787065
10, 90, 43.90244118530707, 546, 800, 15, 1187, 0, 1670161352849, 1670161355257, [10, 13, 30], [-1, 1], 62.36057520110908
10, 90, 60.99496770663298, 303, 448, 23, 823, 0, 1670161403064, 1670161407229, [10, 18, 29], [-1, 0], 82.26993789003838
20, 80, 38.35923691388945, 446, 851, 25, 1667, 0, 1670161466216, 1670161468611, [10, 13, 28], [1, -1], 66.72928680229498
20, 80, 30.418788507549408, 784, 1183, 40, 2079, 0, 1670161526942, 1670161530523, [20, 19, 30], [0, 0], 44.165946059138875
20, 80, 36.82293645343589, 389, 739, 29, 1767, 0, 1670161585641, 1670161589220, [20, 11, 30], [0, 0], 74.5862682247811
20, 70, 31.910489565799857, 675, 878, 29, 2276, 0, 1670161649524, 1670161652055, [20, 12, 29], [0, -1], 43.60599348149567
30, 60, 42.028768071311355, 548, 857, 34, 1590, 0, 1670161711242, 1670161713158, [20, 16, 29], [1, -1], 41.89270853393
30, 70, 36.10612017869577, 393, 786, 16, 1704, 0, 1670161750685, 1670161755784, [30, 14, 29], [0, 1], 65.1254292574269
40, 70, 32.50329233718536, 697, 1174, 48, 1945, 0, 1670161809190, 1670161813197, [30, 15, 29], [1, 0], 42.32097056877812
30, 70, 30.271348514900993, 569, 1167, 42, 3129, 0, 1670161890566, 1670161892477, [40, 13, 29], [-1, 0], 50.71836080184734
20, 60, 40.550948154229715, 553, 924, 56, 1759, 0, 1670161950885, 1670161952563, [30, 13, 28], [-1, -1], 41.94608628993772
20, 70, 57.27035006795363, 300, 499, 15, 759, 0, 1670161985582, 1670161988014, [20, 15, 28], [0, 1], 66.1523916395829
20, 60, 28.48572691408193, 662, 1162, 46, 3002, 0, 1670162042810, 1670162045097, [20, 15, 29], [0, -1], 38.662638325559996
10, 60, 49.74511508086623, 367, 567, 34, 1294, 0, 1670162098603, 1670162100064, [20, 15, 28], [-1, 0], 53.005363441088804
10, 60, 62.048896732473025, 306, 512, 18, 792, 0, 1670162132398, 1670162134423, [10, 17, 28], [0, 0], 54.13251333557645
10, 50, 35.654038593490995, 727, 1191, 27, 1659, 0, 1670162190115, 1670162191771, [10, 18, 28], [-1, -1], 28.748315994655687
20, 50, 32.83551248918177, 575, 1012, 36, 2334, 0, 1670162262321, 1670162264583, [10, 17, 29], [1, 0], 35.39361701817354
10, 50, 28.885601846847486, 675, 1018, 24, 2175, 0, 1670162324737, 1670162328638, [20, 20, 32], [-1, 0], 31.62385694477897
20, 40, 24.071500203516745, 779, 1500, 40, 2512, 0, 1670162394452, 1670162399680, [10, 23, 32], [1, -1], 22.849674256641638
30, 50, 27.60334195523317, 946, 1336, 327, 2347, 0, 1670162481290, 1670162484410, [20, 19, 33], [1, 1], 23.6649788439989
30, 60, 31.881707923409202, 588, 1125, 32, 2039, 0, 1670162523842, 1670162579999, [30, 12, 34], [0, 1], 41.927148879924786
30, 60, 49.18208575388187, 485, 735, 93, 1178, 0, 1670162625378, 1670162628377, [30, 22, 33], [0, 0], 44.0057983614108
30, 60, 40.773081615519345, 418, 825, 34, 1509, 0, 1670162677001, 1670162678834, [30, 21, 33], [0, 0], 51.62690786617679
40, 70, 39.80822517771547, 461, 793, 16, 2077, 0, 1670162732174, 1670162761883, [30, 21, 32], [1, 1], 56.43041502617125
50, 70, 29.711563828830748, 661, 1275, 16, 2306, 0, 1670162820208, 1670162824421, [40, 18, 31], [1, 0], 44.880641230812984
60, 60, 16.66351684265493, 820, 1481, 28, 5978, 0, 1670162899699, 1670162921452, [50, 16, 30], [1, -1], 33.83506725341627
50, 70, 26.370671002272548, 623, 1232, 24, 2453, 0, 1670162987715, 1670162990783, [60, 11, 30], [-1, 1], 48.04506787640166
60, 70, 24.304438645466814, 706, 1513, 38, 2677, 0, 1670163050817, 1670163056640, [50, 15, 29], [1, 0], 43.57473400002222
50, 80, 29.1248829218653, 465, 936, 27, 2226, 0, 1670163116266, 1670163119258, [60, 12, 29], [-1, 1], 68.78767362705086
50, 90, 26.806580997440268, 547, 1115, 21, 2353, 0, 1670163164723, 1670163168271, [50, 12, 29], [0, 1], 68.78353614016955
50, 100, 19.09962538118029, 767, 1359, 53, 5797, 11, 1670163243162, 1670163248026, [50, 14, 29], [0, 1], 59.28395640922825
40, 100, 17.526056571861087, 683, 1060, 35, 5957, 0, 1670163322920, 1670163344976, [50, 11, 29], [-1, 0], 66.39187280422462
30, 100, 24.17694738847941, 883, 1487, 75, 2481, 0, 1670163403907, 1670163407980, [40, 11, 28], [-1, 1], 51.03562565606025
30, 100, 16.22187428800107, 774, 1152, 55, 6080, 0, 1670163486540, 1670163488389, [30, 12, 28], [0, 0], 59.602747889017735
20, 100, 29.80698809944238, 572, 1022, 11, 2119, 0, 1670163542531, 1670163546174, [30, 10, 27], [-1, 1], 72.33503770580637
30, 100, 39.447350530758364, 388, 733, 16, 1579, 0, 1670163598038, 1670163602028, [20, 12, 26], [1, 0], 91.61042666916579
30, 100, 38.01329464672263, 483, 916, 29, 1554, 0, 1670163639118, 1670163642484, [30, 12, 26], [0, 0], 78.73356387453904
40, 90, 34.1451479163812, 622, 1136, 32, 1871, 0, 1670163707036, 1670163709624, [30, 14, 26], [1, -1], 59.321317331885425
30, 100, 25.99285975818706, 983, 1389, 42, 2472, 0, 1670163831776, 1670163833642, [40, 13, 26], [-1, 1], 45.999368708797874
30, 100, 36.52537002452855, 542, 855, 31, 1802, 0, 1670163890195, 1670163892765, [30, 10, 26], [0, 1], 72.66370069843572
40, 90, 41.47277379360935, 573, 947, 11, 1622, 0, 1670163943115, 1670163947024, [30, 12, 27], [1, -1], 60.9020737885282
30, 90, 37.35883288580474, 516, 935, 17, 1726, 0, 1670163999245, 1670164002722, [40, 12, 27], [-1, 0], 67.62490337812388
30, 100, 39.19655643981842, 403, 819, 42, 1661, 0, 1670164040769, 1670164045021, [30, 12, 27], [0, 1], 89.31981120503958
40, 100, 34.37756564633078, 707, 1119, 70, 1809, 0, 1670164099435, 1670164101836, [30, 12, 27], [1, 1], 59.205911656933075
50, 100, 35.091076055743756, 580, 1145, 23, 1826, 0, 1670164156606, 1670164158322, [40, 13, 26], [1, 0], 69.4093248470061
60, 100, 30.19536113929449, 695, 1232, 29, 2157, 0, 1670164215470, 1670164218978, [50, 11, 25], [1, 1], 61.2909258154811
50, 90, 25.37303962700695, 796, 1431, 26, 2445, 0, 1670164278029, 1670164280437, [60, 12, 25], [-1, -1], 50.13971383862235
50, 90, 30.25798573154296, 491, 995, 22, 2085, 0, 1670164320179, 1670164324090, [50, 13, 26], [0, 0], 73.52557414708052
60, 90, 29.878944313494607, 833, 1518, 39, 2090, 0, 1670164380034, 1670164383903, [50, 13, 25], [1, 0], 47.24331194778857
70, 80, 12.762622374362854, 1444, 4349, 41, 10093, 0, 1670164515072, 1670164521650, [60, 11, 25], [1, -1], 26.75494926826562
70, 80, 24.019616397128374, 845, 1774, 30, 2513, 0, 1670164564852, 1670164572323, [70, 11, 25], [0, 0], 42.50442599914936
70, 80, 28.42811798609521, 712, 1640, 18, 2735, 0, 1670164626366, 1670164628416, [70, 11, 25], [0, 0], 48.44301298466321
80, 80, 38.828633987722405, 585, 1148, 34, 1733, 0, 1670164679959, 1670164684963, [70, 11, 25], [1, 0], 54.03108821660836
90, 70, 36.014910374582925, 634, 1360, 50, 1766, 0, 1670164738711, 1670164742205, [80, 11, 25], [1, -1], 44.98369807820837
100, 70, 21.92099951622513, 827, 1437, 38, 2883, 0, 1670164809561, 1670164817178, [90, 11, 25], [1, 0], 38.264581072857695
110, 70, 21.810383227396592, 903, 1937, 41, 2995, 0, 1670164878935, 1670164884953, [100, 12, 25], [1, 0], 35.34491216214787
100, 80, 42.60115235029692, 576, 993, 42, 1521, 0, 1670164941411, 1670164944252, [110, 10, 25], [-1, 1], 53.590237112938645
90, 70, 30.277934782537635, 778, 1403, 37, 2225, 0, 1670165011533, 1670165012701, [100, 11, 25], [-1, -1], 38.927308449849505
100, 80, 13.778788816248465, 1204, 2803, 22, 4885, 0, 1670165098552, 1670165103175, [90, 11, 25], [1, 1], 31.768341309164516
100, 70, 33.4738264070574, 642, 1267, 14, 2006, 0, 1670165146571, 1670165148394, [100, 10, 25], [0, -1], 45.109178707636424
100, 70, 30.94888015331903, 531, 875, 29, 2134, 3, 1670165204683, 1670165208685, [100, 10, 25], [0, 0], 53.45180120844334
110, 60, 19.93019929031168, 874, 1285, 56, 8783, 4, 1670165316650, 1670165318065, [100, 9, 25], [1, -1], 31.455746890803997
110, 60, 25.84431373515678, 648, 1280, 27, 2777, 0, 1670165362533, 1670165369423, [110, 8, 25], [0, 0], 39.926681041696646
110, 70, 22.437751849733097, 882, 1548, 20, 2668, 0, 1670165416819, 1670165419270, [110, 10, 24], [0, 1], 36.017456872706354
120, 70, 29.418275827089833, 644, 1274, 39, 2066, 0, 1670165475985, 1670165480155, [110, 12, 25], [1, 0], 45.95147163261512
130, 60, 31.563724784973566, 650, 1202, 31, 1988, 1, 1670165552936, 1670165556485, [120, 11, 25], [1, -1], 38.64709908206775
140, 60, 41.04889608177821, 637, 1137, 35, 1598, 0, 1670165608859, 1670165611447, [130, 9, 25], [1, 0], 37.444040614871355
140, 70, 36.66983015358784, 530, 1073, 27, 1662, 0, 1670165654363, 1670165657043, [140, 11, 25], [0, 1], 51.723170686262144
140, 80, 22.921763785151597, 757, 1590, 31, 2956, 0, 1670165703268, 1670165710873, [140, 10, 25], [0, 1], 47.131624970258315
140, 70, 23.055502343858144, 827, 1510, 44, 2833, 0, 1670165753857, 1670165785995, [140, 9, 25], [0, -1], 38.07567665158586
140, 60, 25.574027605599763, 912, 1563, 38, 2346, 0, 1670165845556, 1670165849377, [140, 9, 25], [0, -1], 29.577161631337255
140, 70, 33.19165234056615, 592, 1176, 27, 1952, 0, 1670165888506, 1670165891872, [140, 10, 24], [0, 1], 48.29140794827336
150, 70, 37.57005947440958, 588, 1217, 34, 1763, 0, 1670165944305, 1670165948460, [140, 9, 24], [1, 0], 47.40747239783589
150, 60, 29.08261513465512, 637, 1476, 14, 2214, 0, 1670165988954, 1670165992443, [150, 9, 25], [0, -1], 39.823160712963116
150, 50, 27.702990400479763, 782, 1306, 40, 2386, 0, 1670166035952, 1670166038021, [150, 11, 24], [0, -1], 28.00141695586604
150, 40, 28.209700259478957, 585, 1404, 10, 2217, 0, 1670166082310, 1670166085730, [150, 9, 24], [0, -1], 28.659913966167288
150, 40, 43.73435769499288, 474, 845, 19, 1481, 0, 1670166125976, 1670166128668, [150, 10, 25], [0, 0], 30.819612263637776
150, 50, 30.02980754881567, 707, 1342, 12, 2147, 0, 1670166173021, 1670166176549, [150, 9, 25], [0, 1], 30.225388417215388
160, 40, 28.17021429184582, 811, 1422, 41, 2202, 0, 1670166232746, 1670166236072, [150, 10, 25], [1, -1], 21.652500260028372
170, 30, 27.800795836463873, 548, 1032, 46, 2399, 0, 1670166295742, 1670166299581, [160, 11, 25], [1, -1], 22.754744483887215
160, 30, 33.55736269113461, 674, 1283, 30, 1932, 0, 1670166353791, 1670166357294, [170, 11, 25], [-1, 0], 18.559086142939808
170, 20, 25.315015557381933, 949, 1817, 46, 2670, 0, 1670166413689, 1670166420403, [160, 11, 25], [1, -1], 9.521451266814488
160, 30, 34.44540485940261, 644, 1154, 33, 1825, 0, 1670166478052, 1670166481847, [170, 11, 25], [-1, 1], 19.18694380508784
170, 30, 30.31804322267866, 657, 1272, 25, 2143, 0, 1670166538345, 1670166541984, [160, 12, 25], [1, 0], 19.27346309233429
180, 40, 50.28702118456475, 480, 845, 24, 1496, 0, 1670166592838, 1670166596184, [170, 11, 25], [1, 1], 29.362190760156494
180, 50, 44.50444252020189, 549, 1184, 22, 1343, 0, 1670166635603, 1670166637954, [180, 12, 25], [0, 1], 34.387054937077075
170, 60, 27.26607282721601, 838, 1599, 49, 2405, 0, 1670166693050, 1670166697443, [180, 10, 24], [-1, 1], 31.676835749492067
170, 50, 27.92141653349134, 793, 1391, 41, 2243, 0, 1670166737012, 1670166758594, [170, 12, 24], [0, -1], 27.633907483948146
170, 40, 33.424705942171435, 816, 1332, 42, 1905, 2, 1670166816487, 1670166817870, [170, 10, 24], [0, -1], 21.05930796105873
180, 30, 26.946437116720528, 785, 1588, 36, 2631, 0, 1670166877970, 1670166882969, [170, 9, 24], [1, -1], 16.801343464272854
170, 40, 29.430096966144085, 811, 1036, 62, 2678, 0, 1670166957519, 1670166961167, [180, 13, 24], [-1, 1], 21.53500694217165
170, 40, 37.09069766462065, 492, 852, 22, 1768, 0, 1670167027407, 1670167029410, [170, 11, 25], [0, 0], 31.23229564827475
180, 40, 18.119365941711436, 1163, 2566, 21, 3357, 0, 1670167093248, 1670167104020, [170, 10, 25], [1, 0], 16.18807350724312
190, 40, 31.614722580045274, 819, 1468, 31, 1997, 0, 1670167159159, 1670167162518, [180, 11, 25], [1, 0], 21.153748941137955
180, 50, 20.08089862574166, 1141, 2474, 48, 2818, 0, 1670167223928, 1670167236642, [190, 10, 25], [-1, 1], 20.46959553759712
190, 50, 22.102143466811487, 973, 2031, 27, 2823, 0, 1670167294659, 1670167306572, [180, 12, 25], [1, 0], 23.55360660872788
190, 40, 28.050922547456917, 872, 1653, 44, 2213, 0, 1670167367597, 1670167371336, [190, 10, 25], [1, -1], 20.32099676048005
180, 30, 27.26821570624204, 864, 1721, 33, 2326, 0, 1670167432421, 1670167435515, [190, 10, 24], [-1, -1], 15.415084083686065
190, 20, 28.85738526588917, 686, 1346, 54, 2053, 0, 1670167491737, 1670167495346, [180, 11, 25], [1, -1], 12.477703263507426
190, 20, 30.745477530444774, 658, 1202, 21, 2081, 0, 1670167535737, 1670167539473, [190, 13, 24], [0, 0], 12.804393892351095
190, 20, 23.387733969911853, 797, 1414, 28, 3877, 0, 1670167607046, 1670167609987, [190, 11, 24], [0, 0], 11.22900397619866
180, 20, 26.094562365781513, 626, 1278, 35, 2390, 0, 1670167668392, 1670167670609, [190, 10, 25], [-1, 0], 13.691535868367696
170, 30, 27.884744648047068, 832, 1541, 38, 2268, 0, 1670167728981, 1670167733348, [180, 12, 24], [-1, 1], 15.897594418813327
170, 40, 28.91209735149166, 617, 1254, 16, 2243, 0, 1670167778264, 1670167781822, [170, 12, 25], [0, 1], 27.298224208499327
170, 50, 25.42956851935307, 583, 1096, 20, 2524, 0, 1670167828464, 1670167832328, [170, 11, 25], [0, 1], 36.511366713098084
170, 60, 29.713573985820155, 602, 1234, 28, 2220, 0, 1670167870520, 1670167875185, [170, 11, 25], [0, 1], 41.61728683428767
180, 50, 34.76280851899228, 606, 1092, 29, 1914, 0, 1670167927666, 1670167931438, [170, 12, 25], [1, -1], 33.55473940125153
170, 60, 1.6858238781091073, 2881, 4919, 507, 20112, 0, 1670168127517, 1670168159081, [180, 11, 25], [-1, 1], 10.388735053638634
160, 70, 26.552343886282234, 778, 1572, 31, 2214, 0, 1670168217719, 1670168222703, [170, 9, 25], [-1, 1], 39.58338484979527
170, 60, 0.5642941433853097, 5099, 12125, 277, 27729, 7, 1670168434116, 1670168487586, [160, 10, 25], [1, -1], 5.880903267878502
180, 70, 15.77880465898566, 1368, 2517, 59, 4646, 0, 1670168570541, 1670168574993, [170, 10, 24], [1, 1], 24.45645154508244
190, 80, 30.8285046433651, 619, 1197, 28, 2238, 0, 1670168639766, 1670168644616, [180, 10, 24], [1, 1], 53.88555112682618
190, 90, 31.69079279638853, 682, 1235, 26, 1996, 0, 1670168701088, 1670168703698, [190, 11, 25], [1, 1], 55.640515794055204
190, 80, 30.58953124888498, 769, 1193, 35, 3032, 1, 1670168781371, 1670168783586, [190, 9, 25], [1, -1], 44.87534121058261
180, 90, 28.887878906155436, 710, 1288, 49, 2191, 0, 1670168839375, 1670168843125, [190, 9, 24], [-1, 1], 54.50901506243676
190, 100, 24.73431916253112, 981, 1931, 41, 2413, 0, 1670168906450, 1670168910335, [180, 11, 25], [1, 1], 46.29898521060022
190, 100, 34.56546788461069, 648, 1122, 34, 1884, 0, 1670168948017, 1670168955706, [190, 12, 24], [0, 0], 63.59204459726284
180, 100, 41.804819717933846, 533, 1082, 18, 1514, 0, 1670169006056, 1670169009979, [190, 11, 24], [-1, 1], 71.40620304051765
170, 100, 30.57220434734986, 751, 1477, 25, 2145, 0, 1670169082459, 1670169085539, [180, 11, 25], [-1, 0], 57.25482681602345
160, 100, 6.9953079752096645, 2226, 6465, 42, 11079, 0, 1670169184762, 1670169233821, [170, 10, 25], [-1, 1], 22.18297086610333
150, 90, 30.023122721961897, 777, 1392, 45, 2094, 0, 1670169289425, 1670169293246, [160, 9, 25], [-1, -1], 50.16205180300165
160, 80, 24.752702862654928, 965, 1889, 14, 2769, 0, 1670169356323, 1670169360127, [150, 11, 25], [1, -1], 37.59360296862584
170, 90, 30.81121857231968, 712, 1431, 53, 2022, 0, 1670169413587, 1670169435612, [160, 10, 25], [1, 1], 53.87641562995656
170, 80, 31.659853012570068, 609, 1178, 23, 2031, 0, 1670169478172, 1670169481999, [170, 10, 24], [0, -1], 54.37446572977528
180, 80, 38.01715719883478, 652, 1199, 23, 1766, 0, 1670169533970, 1670169538474, [170, 9, 24], [1, 0], 49.74699741728298
190, 90, 29.413670898027295, 668, 1243, 30, 2259, 0, 1670169594577, 1670169597902, [180, 11, 24], [1, 1], 57.27707215370308
190, 100, 39.747088636918946, 510, 923, 19, 1628, 0, 1670169649400, 1670169651965, [190, 11, 24], [1, 1], 74.73971655875323
190, 100, 12.454459353791702, 1293, 4272, 25, 8627, 0, 1670169777471, 1670169781566, [190, 10, 24], [0, 1], 37.235132425889276
180, 90, 40.9485267322873, 637, 1054, 34, 1612, 0, 1670169852355, 1670169853548, [190, 8, 24], [-1, -1], 56.19421972592189
170, 80, 19.389065888924584, 958, 1614, 18, 4120, 0, 1670169936679, 1670169939756, [180, 9, 25], [-1, -1], 38.626583033408075
160, 90, 22.516620506067756, 922, 1691, 53, 3021, 0, 1670169999489, 1670170005479, [170, 9, 24], [-1, 1], 44.46348219140096
160, 90, 29.166731035422846, 1128, 3236, 30, 11008, 0, 1670170088845, 1670170140607, [160, 11, 24], [0, 0], 36.15425068922073
160, 100, 29.858266629871082, 715, 1087, 19, 2677, 0, 1670170183202, 1670170205120, [160, 10, 24], [0, 1], 59.92092356617136
170, 100, 37.95638779439217, 716, 1211, 72, 1713, 0, 1670170264547, 1670170268205, [160, 10, 24], [1, 0], 57.615266031466874
170, 100, 29.825141879914394, 698, 1239, 29, 2139, 0, 1670170308724, 1670170312512, [170, 10, 24], [0, 0], 61.17700389189735
160, 90, 2.526904317973889, 5100, 8263, 113, 25096, 0, 1670170498970, 1670170548219, [170, 10, 24], [-1, -1], 8.80607677378503
150, 80, 15.15657674523652, 1397, 3741, 56, 5034, 0, 1670170618663, 1670170632913, [160, 9, 24], [-1, -1], 27.44187574581341
140, 70, 28.610323741517256, 727, 1382, 35, 2231, 0, 1670170688530, 1670170695363, [150, 12, 24], [-1, -1], 41.59529632000218
140, 80, 33.899970285006084, 589, 1259, 26, 1822, 0, 1670170733863, 1670170737394, [140, 10, 24], [0, 1], 55.20287960448926
140, 90, 30.903703910446588, 755, 1298, 30, 2084, 0, 1670170778696, 1670170782721, [140, 11, 25], [0, 1], 51.216982913188914
140, 100, 27.87672608914151, 704, 1504, 24, 2444, 0, 1670170823991, 1670170830559, [140, 10, 24], [0, 1], 61.31155939072023
130, 100, 12.203976378779725, 1485, 4308, 76, 11819, 7, 1670170984745, 1670170988315, [140, 10, 25], [-1, 0], 32.59843624010922
130, 90, 11.970529366938578, 1362, 3032, 46, 5621, 0, 1670171059537, 1670171063942, [130, 9, 24], [0, -1], 31.91756207307821
140, 100, 29.138730454264568, 613, 1281, 41, 2149, 0, 1670171119835, 1670171123886, [130, 9, 24], [1, 1], 68.53493617103976
140, 100, 33.97749773396123, 526, 1111, 28, 2062, 0, 1670171165550, 1670171168127, [140, 10, 24], [0, 1], 75.53897158933533
140, 100, 2.555731761581746, 2975, 8048, 40, 16309, 11, 1670171317820, 1670171321117, [140, 10, 24], [0, 1], 16.749167891950894
150, 90, 38.63119331223728, 508, 1040, 30, 1617, 0, 1670171377575, 1670171381780, [140, 9, 24], [1, -1], 67.92198845535226
150, 80, 32.34086493794033, 642, 1373, 41, 2003, 0, 1670171420254, 1670171423824, [150, 10, 24], [0, -1], 51.856228726303314
150, 70, 30.203920333223074, 680, 1387, 15, 2051, 0, 1670171462890, 1670171466859, [150, 10, 24], [0, -1], 43.705437862736844
150, 60, 40.14528134651656, 514, 1067, 12, 1791, 0, 1670171503594, 1670171508893, [150, 10, 24], [0, -1], 44.47204179160934
160, 60, 33.68574310242551, 692, 1150, 20, 1911, 0, 1670171562844, 1670171566116, [150, 11, 24], [1, 0], 36.28697309946186
160, 50, 30.941958390182954, 615, 1243, 35, 2125, 0, 1670171629615, 1670171633173, [160, 10, 25], [0, -1], 33.84013063956016
160, 60, 30.997774024783425, 589, 1124, 27, 2122, 0, 1670171672688, 1670171679151, [160, 9, 24], [0, 1], 42.076261771197245
160, 50, 29.94165881426526, 649, 1229, 17, 2196, 0, 1670171718349, 1670171725152, [160, 11, 24], [0, -1], 32.51962149949506
160, 60, 46.34149717202605, 390, 858, 31, 1648, 0, 1670171761645, 1670171765379, [160, 9, 24], [0, 1], 52.14072536404733
170, 50, 27.26481169275461, 816, 1282, 39, 2300, 0, 1670171838712, 1670171842451, [160, 9, 24], [1, -1], 27.025296041593204
160, 40, 40.21488865066277, 628, 1133, 30, 1655, 0, 1670171893721, 1670171901126, [170, 10, 24], [-1, -1], 25.35305541183945
160, 30, 35.37774049094994, 609, 1073, 17, 1828, 34, 1670171967608, 1670171971113, [160, 10, 24], [0, -1], 19.98638362423214
150, 30, 24.095232064009274, 888, 1670, 45, 2796, 0, 1670172029393, 1670172036858, [160, 10, 25], [-1, 0], 15.238003469423683
160, 40, 26.452206444270082, 745, 1478, 60, 2287, 0, 1670172093266, 1670172097156, [150, 11, 25], [1, 1], 23.507043408644872
160, 40, 37.25041365752419, 471, 886, 18, 1758, 0, 1670172133831, 1670172138991, [160, 12, 25], [0, 0], 32.25797842738392
170, 40, 25.139860153691092, 945, 1872, 39, 2675, 0, 1670172199127, 1670172202785, [160, 13, 25], [1, 0], 19.128515532546356
170, 50, 30.545231223944917, 520, 999, 29, 2072, 0, 1670172252596, 1670172255243, [170, 12, 25], [0, 1], 38.929838976542754
170, 50, 38.596241936064885, 446, 929, 28, 1666, 0, 1670172296401, 1670172298398, [170, 14, 26], [0, 0], 41.6399499373359
170, 40, 27.691395684308596, 719, 1675, 22, 2260, 0, 1670172343468, 1670172347001, [170, 13, 26], [0, -1], 24.10319301750732
170, 50, 31.738706557252172, 834, 1820, 29, 2760, 0, 1670172389015, 1670172402925, [170, 11, 25], [0, 1], 26.015791083650956
170, 40, 31.89792632798664, 563, 1169, 24, 2055, 0, 1670172443442, 1670172446152, [170, 10, 25], [0, -1], 28.960672197714587
180, 40, 38.09777085518201, 701, 1107, 38, 1737, 0, 1670172501015, 1670172503086, [170, 13, 25], [1, 0], 23.43591395381366
170, 50, 43.78317975049485, 610, 975, 45, 1559, 0, 1670172553672, 1670172559547, [180, 12, 25], [-1, 1], 31.8417503116909
170, 50, 20.441787902795163, 888, 1617, 72, 3162, 0, 1670172603824, 1670172611208, [170, 10, 25], [0, 0], 25.77938421451454
180, 60, 33.30028224264986, 555, 1171, 23, 1994, 0, 1670172664722, 1670172668914, [170, 11, 24], [1, 1], 43.591907564687574
190, 60, 25.640322342844957, 761, 1419, 16, 3010, 0, 1670172751678, 1670172754486, [180, 10, 24], [1, 0], 34.739861975330285
180, 60, 25.41117510962614, 874, 1463, 85, 2299, 0, 1670172830128, 1670172833356, [190, 8, 24], [-1, 0], 30.748898637502432
170, 50, 32.086137203301305, 558, 1190, 21, 1906, 0, 1670172887834, 1670172890760, [180, 10, 24], [-1, -1], 36.42485402299592
170, 60, 24.721701001323254, 838, 1624, 44, 2624, 0, 1670172938627, 1670172942069, [170, 11, 25], [0, 1], 32.020944122328046
170, 70, 22.036422308736103, 933, 1865, 34, 2939, 0, 1670172985316, 1670172991733, [170, 10, 24], [0, 1], 34.27522670758415
160, 70, 20.69372891741515, 977, 2275, 26, 3329, 0, 1670173057922, 1670173062815, [170, 11, 25], [-1, 0], 33.025880762505
160, 60, 28.990775071222355, 618, 1314, 15, 2202, 0, 1670173102471, 1670173106314, [160, 10, 24], [0, -1], 40.873989425838204
150, 60, 49.63624597001162, 520, 928, 19, 1369, 0, 1670173160843, 1670173162791, [160, 9, 24], [-1, 0], 41.75103949373361
150, 70, 25.4308534868048, 964, 1656, 51, 2785, 0, 1670173204506, 1670173219649, [150, 10, 24], [0, 1], 32.84154175647435
150, 80, 30.28355730608844, 773, 1641, 18, 2110, 0, 1670173265810, 1670173268643, [150, 10, 24], [0, 1], 44.736012438198806
150, 80, 32.362968543964996, 762, 1256, 43, 1884, 2, 1670173325588, 1670173328635, [150, 11, 24], [0, 0], 44.870621913246495
140, 70, 17.975461218996248, 685, 1455, 15, 3783, 0, 1670173392401, 1670173400209, [150, 8, 24], [-1, -1], 46.241134483870354
140, 80, 33.88818160407793, 648, 969, 48, 1955, 0, 1670173457611, 1670173460345, [140, 10, 24], [0, 1], 51.04953202440582
140, 80, 32.42285253060567, 654, 1218, 27, 1985, 0, 1670173497992, 1670173505290, [140, 9, 24], [0, 0], 51.040498190163255
140, 90, 24.062876023053025, 860, 1502, 29, 2725, 0, 1670173547762, 1670173554596, [140, 9, 24], [0, 1], 47.0587495103805
140, 100, 37.238740260263434, 567, 1220, 32, 1671, 0, 1670173591779, 1670173594588, [140, 10, 24], [0, 1], 69.83679521864914
130, 90, 19.77766168703099, 957, 1704, 25, 3438, 0, 1670173658649, 1670173667972, [140, 9, 24], [-1, -1], 43.431654853884915
120, 80, 41.543621863112335, 563, 1077, 30, 1708, 0, 1670173726244, 1670173728090, [130, 10, 25], [-1, -1], 54.85655448499007
120, 70, 41.66795927045057, 574, 1103, 25, 1640, 0, 1670173763864, 1670173785604, [120, 10, 25], [0, -1], 47.25439560102308
120, 80, 31.476728874767993, 734, 1409, 28, 2439, 0, 1670173824721, 1670173841614, [120, 10, 24], [0, 1], 46.516662767835555
120, 80, 34.59253577389543, 558, 1111, 30, 1755, 0, 1670173881428, 1670173884027, [120, 10, 24], [0, 0], 57.440716545065484
110, 90, 19.52879787194945, 979, 2347, 28, 3460, 0, 1670173962304, 1670173964795, [120, 10, 24], [-1, 1], 42.56868159908515
120, 80, 30.64306635653911, 932, 1498, 48, 2052, 0, 1670174022886, 1670174026682, [110, 10, 24], [1, -1], 37.930070144444635
120, 80, 29.65839883226485, 637, 1338, 37, 2168, 0, 1670174065249, 1670174071227, [120, 11, 24], [0, 0], 52.93570885050578
110, 70, 36.319478076881715, 663, 1085, 30, 1855, 0, 1670174124578, 1670174128358, [120, 11, 24], [-1, -1], 43.30193794369516
100, 70, 22.06702383847577, 736, 1482, 26, 3057, 0, 1670174193090, 1670174196985, [110, 10, 24], [-1, 0], 42.461912813661186
100, 60, 27.157644216508743, 575, 1082, 16, 2337, 0, 1670174239415, 1670174243346, [100, 9, 24], [0, -1], 43.88335018238781
90, 50, 31.448761660280113, 589, 1067, 46, 1982, 0, 1670174316766, 1670174318789, [100, 9, 24], [-1, -1], 34.975060498078456
100, 40, 25.53141905597055, 722, 1514, 78, 2428, 0, 1670174375045, 1670174379795, [90, 11, 24], [1, -1], 24.26814329052259
90, 30, 24.148334761139484, 636, 1218, 46, 2881, 2, 1670174452711, 1670174459857, [100, 12, 24], [-1, -1], 20.475206639966004
100, 40, 37.269375187617165, 583, 1237, 40, 1803, 0, 1670174513905, 1670174517554, [90, 11, 25], [1, 1], 27.319511908913412
110, 40, 28.531433114098412, 663, 1191, 58, 2261, 0, 1670174575471, 1670174579677, [100, 10, 24], [1, 0], 25.73586121872788
100, 30, 40.25043659634336, 521, 988, 21, 1502, 0, 1670174633826, 1670174636087, [110, 12, 24], [-1, -1], 21.994078577511537
100, 30, 33.657006517610306, 373, 849, 16, 1837, 0, 1670174673639, 1670174682459, [100, 12, 24], [0, 0], 29.549195926228304
100, 40, 35.03423775038279, 520, 1039, 22, 1740, 0, 1670174720203, 1670174723319, [100, 13, 24], [0, 1], 30.29674368274169
110, 50, 25.331445876375586, 847, 1586, 20, 2366, 0, 1670174790155, 1670174794079, [100, 13, 25], [1, 1], 26.362248538247137
110, 50, 23.5664308324261, 1002, 1699, 20, 2738, 0, 1670174840105, 1670174843778, [110, 12, 25], [0, 0], 22.80469001992247
100, 50, 24.711982371202502, 805, 1518, 56, 2638, 0, 1670174905565, 1670174909644, [110, 13, 25], [-1, 0], 27.659520129951403
90, 40, 31.41483079801663, 598, 1168, 16, 1978, 0, 1670174963433, 1670174967259, [100, 13, 25], [-1, -1], 27.637314077264776
80, 50, 22.229851203276404, 606, 963, 59, 5558, 0, 1670175058064, 1670175060213, [90, 13, 26], [-1, 1], 35.97539488298445
70, 40, 32.29683861106421, 511, 963, 40, 3555, 0, 1670175140608, 1670175142792, [80, 9, 24], [-1, -1], 31.240854511039025
60, 40, 32.540525887774464, 626, 1216, 38, 2013, 0, 1670175197034, 1670175201286, [70, 13, 24], [-1, 0], 26.449355113243243
70, 30, 32.05434103812978, 516, 1065, 27, 2013, 0, 1670175258625, 1670175262046, [60, 12, 26], [1, -1], 23.284066581677447
70, 20, 35.279689720010474, 504, 1074, 24, 1745, 0, 1670175300540, 1670175303932, [70, 12, 26], [0, -1], 15.501021885273486
70, 20, 27.809019694299092, 631, 1253, 38, 2198, 0, 1670175344012, 1670175348618, [70, 12, 25], [0, -1], 13.472802368317357
80, 20, 36.63001150411615, 460, 966, 47, 1713, 0, 1670175404356, 1670175406895, [70, 15, 26], [1, -1], 16.487501222224303
80, 20, 33.24851997880616, 397, 766, 15, 1887, 0, 1670175445513, 1670175449114, [80, 15, 26], [0, 0], 18.868135284831016
70, 20, 39.922799206893714, 448, 923, 36, 1626, 0, 1670175501795, 1670175504271, [80, 15, 26], [-1, -1], 16.45572628368579
70, 20, 32.88626575357356, 477, 933, 19, 1792, 0, 1670175542899, 1670175547121, [70, 14, 28], [0, 0], 16.432636805016866
60, 20, 33.506316116248534, 551, 1019, 28, 1879, 0, 1670175602659, 1670175605351, [70, 15, 28], [-1, 0], 14.598001736198759
60, 20, 47.09616794761973, 407, 674, 21, 1147, 0, 1670175640132, 1670175662171, [60, 17, 27], [0, -1], 16.795864041859456
60, 20, 43.87059907573579, 384, 788, 14, 1558, 0, 1670175697440, 1670175701455, [60, 14, 26], [0, -1], 17.873663346836196
60, 20, 35.90881983313991, 504, 1006, 23, 1786, 0, 1670175739268, 1670175742831, [60, 10, 27], [0, 0], 15.44078946765501
70, 20, 55.08823012849562, 344, 552, 54, 1049, 12, 1670175811845, 1670175813788, [60, 13, 25], [1, -1], 17.719408612065894
80, 20, 30.95975184584357, 445, 796, 47, 3549, 0, 1670175894485, 1670175896531, [70, 16, 25], [1, 0], 17.579666426181646
90, 20, 43.14390200478692, 470, 982, 49, 1419, 0, 1670175951947, 1670175954422, [80, 13, 26], [1, 0], 15.562370988258891
100, 20, 16.219571337221858, 766, 1354, 20, 5922, 0, 1670176029676, 1670176051622, [90, 15, 27], [1, 0], 12.035457149780944
100, 30, 33.23934903293459, 540, 1016, 35, 1812, 0, 1670176107392, 1670176110179, [100, 11, 28], [0, 1], 22.289672550182647
90, 30, 32.21890566112383, 581, 1106, 48, 2190, 0, 1670176164075, 1670176169199, [100, 12, 27], [-1, 0], 21.130462184517043
80, 30, 31.44221583185076, 475, 1095, 27, 1929, 0, 1670176223822, 1670176228100, [90, 13, 27], [-1, 0], 24.968005027626404
90, 20, 30.737361374623852, 614, 1288, 12, 2052, 0, 1670176283403, 1670176287438, [80, 13, 27], [1, -1], 13.569451827507232
80, 30, 33.553443231823266, 569, 1005, 50, 1870, 0, 1670176344651, 1670176347105, [90, 13, 27], [-1, 1], 21.33064023697796
70, 30, 29.99524447819548, 551, 1161, 19, 1986, 0, 1670176400007, 1670176404013, [80, 14, 26], [-1, 0], 22.355328233984288
80, 40, 48.501157270051266, 359, 783, 21, 1429, 0, 1670176454526, 1670176458178, [70, 13, 26], [1, 1], 36.16606253959458
90, 40, 27.820648730551493, 679, 1303, 29, 2252, 0, 1670176513606, 1670176517990, [80, 12, 28], [1, 0], 25.3074028562767
90, 40, 26.680260470736847, 768, 1668, 26, 2423, 0, 1670176565486, 1670176570741, [90, 13, 27], [0, 0], 22.86443225024915
80, 50, 35.90965704873787, 478, 1041, 40, 1839, 0, 1670176640946, 1670176643379, [90, 13, 26], [-1, 1], 40.216291050947646
80, 50, 22.449629954374327, 720, 1172, 41, 5568, 4, 1670176718589, 1670176722251, [80, 13, 26], [0, 0], 30.87187663128132
90, 50, 26.618304390547785, 880, 1588, 59, 2491, 0, 1670176777718, 1670176787486, [80, 11, 26], [1, 0], 25.34280663167006
100, 40, 33.56198053602828, 576, 1179, 27, 1985, 0, 1670176842258, 1670176844780, [90, 12, 26], [1, -1], 28.15918128929336
100, 40, 35.43403138086359, 507, 946, 13, 2506, 0, 1670176897945, 1670176906411, [100, 14, 26], [0, 0], 30.82917570508708
90, 50, 31.143931597607796, 576, 1183, 28, 2373, 0, 1670176981195, 1670176983869, [100, 11, 26], [-1, 1], 35.68493605795798
100, 50, 19.017589500071637, 982, 2219, 64, 3261, 0, 1670177048615, 1670177053653, [90, 10, 26], [1, 0], 23.627918324116994
90, 40, 20.108787842134706, 929, 1746, 43, 3119, 0, 1670177118130, 1670177123259, [100, 12, 27], [-1, -1], 19.813060772537053
100, 50, 23.24877399131055, 631, 1563, 42, 2894, 0, 1670177186223, 1670177189387, [90, 13, 25], [1, 1], 34.530620634480385
100, 40, 29.36759128248803, 795, 1358, 21, 2061, 0, 1670177231780, 1670177235148, [100, 13, 25], [0, -1], 21.918520057527175
110, 30, 18.86287283185961, 789, 1125, 51, 5806, 0, 1670177309986, 1670177331705, [100, 12, 25], [1, -1], 17.352043637481877
100, 20, 32.68451271390512, 497, 1136, 21, 1958, 0, 1670177384886, 1670177388435, [110, 12, 25], [-1, -1], 15.930211632654393
100, 20, 25.074560254407366, 728, 1380, 27, 2317, 0, 1670177430630, 1670177436195, [100, 14, 25], [0, 0], 12.072946077628048
110, 20, 23.15263319190049, 749, 1442, 55, 2809, 0, 1670177494175, 1670177516031, [100, 14, 25], [1, 0], 11.881980572552255
120, 20, 59.529349827478974, 263, 613, 9, 998, 0, 1670177566390, 1670177567735, [110, 14, 25], [1, -1], 19.955403691372332
130, 20, 40.716010648257694, 453, 954, 20, 1499, 0, 1670177618633, 1670177622210, [120, 12, 26], [1, -1], 16.237349980518513
120, 20, 40.857191486228984, 389, 773, 33, 1549, 0, 1670177686189, 1670177688645, [130, 11, 27], [-1, 0], 18.101881394418776
120, 20, 36.28998365073161, 468, 905, 26, 1766, 0, 1670177726431, 1670177745283, [120, 14, 27], [0, -1], 16.30895861856313
130, 30, 30.015763739067225, 623, 1180, 20, 2043, 0, 1670177799763, 1670177804148, [120, 15, 28], [1, 1], 20.186712150401267
140, 30, 20.140729437771235, 981, 1636, 47, 5660, 0, 1670177899129, 1670177902679, [130, 12, 28], [1, 0], 14.13010924663553
130, 30, 25.01635806596825, 667, 1355, 14, 2255, 0, 1670177958553, 1670177963515, [140, 12, 27], [-1, 0], 19.555046243877598
120, 30, 11.390152031050988, 1361, 3659, 26, 7210, 0, 1670178044523, 1670178072716, [130, 13, 26], [-1, 0], 10.664311166800038
110, 20, 30.207871044835848, 683, 1381, 56, 2072, 0, 1670178139057, 1670178141633, [120, 13, 26], [-1, -1], 12.440418417063263
120, 20, 33.12463063238971, 619, 1188, 56, 1812, 0, 1670178196511, 1670178198752, [110, 14, 25], [1, 0], 13.306746054988638
120, 20, 36.682328490290715, 432, 914, 19, 1657, 0, 1670178235887, 1670178239953, [120, 14, 25], [0, 0], 17.279235315650652
110, 20, 31.64157493747134, 654, 1189, 44, 2019, 0, 1670178294288, 1670178298659, [120, 14, 25], [-1, 0], 12.81121155653821
100, 20, 41.94055193536245, 462, 1007, 20, 1519, 0, 1670178351023, 1670178353187, [110, 12, 26], [-1, -1], 15.879009373813552
110, 20, 42.743000233316934, 482, 945, 31, 1506, 0, 1670178403617, 1670178408188, [100, 14, 26], [1, 0], 15.314592334292104
100, 20, 34.261989476673286, 627, 1066, 16, 1759, 0, 1670178460812, 1670178482766, [110, 14, 26], [-1, 0], 13.088183662446509
110, 20, 32.20732833399908, 483, 994, 29, 1940, 0, 1670178540527, 1670178544820, [100, 14, 27], [1, 0], 16.344427738309967
120, 20, 30.507495331398886, 740, 1441, 28, 2090, 0, 1670178604588, 1670178607853, [110, 13, 28], [1, -1], 11.600524595005844
110, 20, 26.259547324193754, 780, 1637, 71, 2416, 0, 1670178664646, 1670178670244, [120, 14, 27], [-1, -1], 11.298947458917793
110, 30, 31.67554239070516, 469, 926, 42, 1971, 0, 1670178708578, 1670178712215, [110, 14, 28], [0, 1], 25.180368255177477
100, 20, 27.615672057502888, 756, 1421, 65, 2213, 0, 1670178773422, 1670178777179, [110, 17, 27], [-1, -1], 11.541177867021315
100, 30, 27.038475612296615, 789, 1452, 19, 2304, 0, 1670178818500, 1670178824960, [100, 15, 28], [0, 1], 16.719539377860063
110, 20, 27.191624482545706, 519, 1074, 21, 2370, 0, 1670178883070, 1670178885696, [100, 14, 28], [1, -1], 15.92948975928332
120, 30, 19.693604108700594, 906, 1755, 40, 3523, 0, 1670178947673, 1670178969634, [110, 14, 28], [1, 1], 15.2319147915162
110, 30, 37.95301961519393, 554, 1087, 19, 1523, 0, 1670179022400, 1670179025215, [120, 14, 28], [-1, 0], 21.2521157653065
100, 40, 37.40576860628646, 456, 961, 27, 1731, 0, 1670179079654, 1670179083251, [110, 14, 28], [-1, 1], 33.02384080887917
100, 40, 30.055342132169777, 478, 991, 12, 2115, 0, 1670179121164, 1670179125214, [100, 12, 28], [0, 0], 33.43243998319526
110, 40, 19.9639556581134, 1000, 1706, 55, 3303, 0, 1670179215270, 1670179221047, [100, 13, 28], [1, 0], 18.520991025676324
100, 30, 31.07136504730144, 671, 1205, 54, 2122, 0, 1670179275195, 1670179278798, [110, 11, 28], [-1, -1], 18.86115206536199
110, 40, 17.61687311375966, 830, 1537, 35, 3390, 0, 1670179339345, 1670179348348, [100, 13, 26], [1, 1], 22.210685191390876
110, 40, 29.978663602726055, 741, 1508, 19, 2049, 0, 1670179390347, 1670179393840, [110, 11, 26], [0, 0], 23.231106472087344
120, 30, 22.964619660348212, 818, 1441, 56, 2758, 0, 1670179456250, 1670179460837, [110, 14, 26], [1, -1], 16.486080365375177
130, 40, 37.33822561893311, 504, 955, 23, 1635, 0, 1670179522331, 1670179525077, [120, 15, 26], [1, 1], 30.61132800392336
130, 30, 47.32077742560344, 361, 745, 13, 1395, 0, 1670179561310, 1670179563329, [130, 13, 26], [0, -1], 27.258695997614414
130, 30, 27.786124979809546, 731, 1616, 16, 2478, 0, 1670179611798, 1670179613896, [130, 12, 26], [0, 0], 17.811670089205002
140, 20, 21.51039137239713, 501, 826, 26, 5183, 0, 1670179682939, 1670179704684, [130, 12, 25], [1, -1], 17.034568909375388
150, 20, 26.236376015075052, 795, 1518, 41, 2374, 0, 1670179764381, 1670179769065, [140, 12, 25], [1, 0], 11.111783941230687
140, 20, 23.952947904764983, 711, 1392, 27, 2828, 1, 1670179844342, 1670179848600, [150, 13, 26], [-1, -1], 12.394464364399804
130, 30, 19.22984381957594, 994, 2019, 44, 3433, 0, 1670179916370, 1670179922851, [140, 12, 26], [-1, 1], 14.006656659939404
120, 20, 39.62674480888941, 508, 1060, 35, 1686, 0, 1670179973735, 1670179977986, [130, 11, 26], [-1, -1], 15.0035938280337
110, 20, 34.76572413327044, 437, 911, 24, 1828, 0, 1670180035208, 1670180038122, [120, 12, 26], [-1, 0], 17.359215565145718
100, 30, 35.86191798993724, 447, 948, 17, 1784, 0, 1670180091193, 1670180094436, [110, 13, 27], [-1, 1], 25.404452777692644
110, 20, 34.13913958794266, 570, 1013, 32, 1849, 0, 1670180148374, 1670180152039, [100, 12, 28], [1, -1], 14.153148650021215
100, 20, 34.572801653993096, 582, 1141, 37, 1836, 0, 1670180206471, 1670180208673, [110, 14, 28], [-1, 0], 13.883273748379327
90, 20, 41.6146513538218, 560, 1060, 18, 1640, 0, 1670180263958, 1670180266288, [100, 14, 28], [-1, 0], 13.765409240741807
100, 20, 37.955395370355326, 521, 1151, 39, 1714, 0, 1670180328499, 1670180332181, [90, 13, 28], [1, -1], 14.862781271049538
90, 20, 29.94544690661122, 511, 1104, 41, 2152, 0, 1670180390872, 1670180395074, [100, 13, 29], [-1, 0], 15.853342940716129
80, 20, 41.515026874671626, 550, 995, 27, 1478, 0, 1670180448984, 1670180451373, [90, 15, 28], [-1, 0], 13.965308072993498
80, 30, 33.387472924590064, 479, 958, 31, 1902, 0, 1670180489144, 1670180510695, [80, 16, 28], [0, 1], 24.487801244092772
80, 30, 30.682288878249345, 517, 1099, 43, 1974, 0, 1670180550470, 1670180554403, [80, 15, 29], [0, 0], 23.447422820633417
90, 30, 29.149820923901167, 644, 1248, 28, 2147, 0, 1670180613374, 1670180616832, [80, 15, 27], [1, 0], 19.721291252231925
100, 20, 32.09139888226665, 606, 1111, 27, 2004, 0, 1670180673854, 1670180678063, [90, 16, 28], [1, -1], 13.617195659602757
100, 30, 40.87263081039765, 399, 822, 26, 1417, 0, 1670180714763, 1670180718395, [100, 14, 28], [0, 1], 26.667115942782694
90, 20, 21.544266620234055, 449, 993, 54, 2978, 0, 1670180787068, 1670180791299, [100, 12, 28], [-1, -1], 18.685404562933027
80, 20, 37.89759800575175, 424, 912, 25, 1733, 0, 1670180843176, 1670180846895, [90, 13, 28], [-1, 0], 17.373465816295777
80, 20, 32.1024038899258, 466, 939, 19, 2053, 0, 1670180885521, 1670180890103, [80, 13, 27], [0, 0], 16.823415601350728
70, 20, 34.4711978534818, 541, 1081, 40, 1792, 0, 1670180943598, 1670180948060, [80, 14, 27], [-1, -1], 14.73003980421007
60, 20, 15.338158944375767, 647, 1109, 74, 5507, 0, 1670181020342, 1670181042181, [70, 14, 26], [-1, 0], 14.117262356232759
50, 30, 33.27096581560251, 553, 900, 26, 1934, 0, 1670181099139, 1670181102777, [60, 12, 28], [-1, 1], 21.86321644219006
50, 30, 49.25419162887772, 302, 514, 17, 1045, 0, 1670181138259, 1670181140607, [50, 13, 27], [0, 0], 30.05911024741842
40, 30, 38.12608425171677, 592, 989, 24, 1668, 0, 1670181193907, 1670181196362, [50, 14, 27], [-1, 0], 20.147632799970705
40, 40, 26.261132804531762, 589, 965, 28, 2496, 4, 1670181252004, 1670181258502, [40, 13, 27], [0, 1], 28.81659475782876
40, 40, 51.39851680288466, 344, 567, 16, 1063, 0, 1670181292746, 1670181295055, [40, 14, 27], [0, 0], 36.3904947181717
30, 40, 31.161221907233653, 705, 1085, 22, 2236, 0, 1670181349883, 1670181371935, [40, 16, 26], [-1, 0], 24.106699502673436
20, 30, 49.00525940040353, 436, 969, 26, 1437, 0, 1670181432483, 1670181433857, [30, 18, 27], [-1, -1], 23.73338719375833
30, 20, 33.82548230989465, 606, 1033, 38, 1960, 0, 1670181494700, 1670181497192, [20, 17, 30], [1, -1], 13.489780082264074
20, 20, 32.98384657375935, 832, 1452, 35, 1980, 0, 1670181562359, 1670181564672, [30, 19, 31], [-1, 0], 10.374139327362798
30, 20, 23.3562204262549, 802, 1538, 50, 2716, 0, 1670181625489, 1670181629470, [20, 22, 32], [1, -1], 11.167882649138072
20, 30, 18.596496242338098, 951, 2248, 151, 4531, 0, 1670181704595, 1670181751534, [30, 23, 33], [-1, 1], 14.628637625126437
10, 40, 5.730409243510195, 17829, 21164, 16334, 33221, 23, 1670182263919, 1670182268579, [20, 11, 32], [-1, 1], 1.1203275707068399
10, 30, 14.481909245924108, 1797, 2779, 50, 7654, 0, 1670182559097, 1670182585083, [10, 24, 32], [-1, -1], 8.086568823995497
20, 30, 23.89583425937473, 936, 1531, 33, 2548, 0, 1670182650905, 1670182653424, [10, 19, 31], [1, 0], 14.540754451382472
30, 30, -0.8223474936479402, 20768, 36206, 5890, 65988, 0, 1670183053102, 1670183723734, [20, 25, 33], [1, 0], 0.7223794389293271
30, 20, 113.05932152297183, 9, 19, 0, 33, 200, 1670183758093, 1670183759149, [30, 15, 33], [0, -1], 21.68081441275285
30, 30, 110.7137895249466, 14, 28, 0, 47, 200, 1670183802053, 1670183803100, [30, 14, 32], [0, 1], 32.83316327737224
