110, 29.414375972115415, 827, 1608, 32, 2127, 0, 1669988099034, 1669988168684, [100, 7, 27], [1], 2.9916981257236994
110, 22.270806870025005, 658, 1317, 44, 2949, 0, 1669988230487, 1669988234213, [110, 8, 26], [0], 2.8198033514845537
100, 34.64079994546743, 640, 1230, 31, 1896, 0, 1669988290128, 1669988291874, [110, 9, 26], [-1], 4.570026378030004
110, 31.653067576362552, 767, 1470, 28, 2070, 0, 1669988348425, 1669988353240, [100, 11, 26], [1], 3.487557026924036
100, 37.98197676775843, 603, 926, 29, 1836, 0, 1669988426228, 1669988428121, [110, 12, 26], [-1], 5.68933145113218
90, 23.168727681946713, 644, 1007, 130, 3047, 0, 1669988505494, 1669988508515, [100, 12, 26], [-1], 3.233146480874506
100, 38.7126655100724, 602, 768, 22, 2283, 5, 1669988581879, 1669988584724, [90, 11, 27], [1], 6.094563210023992
90, 32.415008559413465, 828, 1581, 70, 2078, 0, 1669988639013, 1669988647822, [100, 8, 27], [-1], 3.312385914511901
80, 28.96068046555291, 582, 1131, 36, 2219, 0, 1669988704053, 1669988708168, [90, 12, 26], [-1], 4.186279338761623
80, 24.916048022901226, 587, 1098, 48, 5530, 0, 1669988767371, 1669988786760, [80, 13, 27], [0], 3.615213003903254
80, 40.17182673305993, 524, 883, 40, 1496, 0, 1669988823177, 1669988834830, [80, 10, 27], [0], 6.742501969295053
80, 24.824952020248247, 657, 1469, 25, 2607, 0, 1669988882798, 1669988887755, [80, 13, 27], [0], 3.029649990267054
80, 31.705333117790836, 541, 1051, 16, 1965, 0, 1669988944666, 1669988948476, [80, 12, 27], [0], 4.9308449638866
70, 31.238086317785687, 849, 1589, 35, 1981, 0, 1669989006178, 1669989008970, [80, 11, 27], [-1], 3.133208256548213
70, 30.37083303288985, 549, 1106, 40, 2091, 0, 1669989048626, 1669989070014, [70, 12, 27], [0], 4.598854184265573
70, 22.717146876330638, 628, 1096, 19, 3235, 0, 1669989115568, 1669989137271, [70, 11, 27], [0], 3.148163369779745
70, 29.23516134458966, 442, 856, 28, 2272, 0, 1669989180729, 1669989184516, [70, 11, 27], [0], 5.570724341575773
70, 23.047758749296385, 842, 1610, 45, 2729, 0, 1669989227886, 1669989235485, [70, 11, 27], [0], 2.3149617064379657
70, 26.55045029684817, 798, 1344, 59, 2451, 0, 1669989277411, 1669989281437, [70, 12, 27], [0], 2.9266369374832637
80, 32.60158737139441, 811, 1397, 31, 2013, 0, 1669989337391, 1669989340750, [70, 13, 27], [1], 3.512345116504461
90, 23.497143327399417, 766, 1149, 58, 5529, 0, 1669989412582, 1669989434407, [80, 13, 26], [1], 2.7886474397578227
90, 24.431251219041076, 812, 1319, 53, 2767, 0, 1669989478237, 1669989485752, [90, 10, 26], [0], 2.6747592751303997
80, 30.15428431845129, 634, 1453, 30, 2255, 0, 1669989555442, 1669989558150, [90, 12, 27], [-1], 3.7796796588682984
70, 22.082776272166573, 1031, 1899, 70, 2600, 0, 1669989618535, 1669989623321, [80, 12, 27], [-1], 1.8332040737312445
80, 29.294855567304957, 693, 1265, 41, 2125, 0, 1669989678833, 1669989682912, [70, 13, 27], [1], 3.628295215172771
70, 30.193890021785613, 619, 1049, 23, 2133, 0, 1669989754902, 1669989758220, [80, 13, 27], [-1], 4.282821279685903
70, 37.551040185422735, 520, 1061, 17, 1857, 0, 1669989799494, 1669989803115, [70, 11, 27], [0], 5.977561315731094
80, 37.921848173358164, 577, 986, 51, 1602, 0, 1669989856492, 1669989859989, [70, 12, 28], [1], 5.756200390612957
90, 29.4922028088313, 805, 1436, 56, 2124, 0, 1669989979310, 1669989983283, [80, 13, 28], [1], 3.167117999230165
100, 32.26961182155829, 667, 1264, 82, 2008, 0, 1669990066565, 1669990069226, [90, 9, 27], [1], 4.103460302843119
110, 36.99298811648687, 607, 1177, 29, 1794, 0, 1669990123034, 1669990125269, [100, 12, 27], [1], 5.130788920455877
110, 20.978816032450517, 1069, 2126, 30, 3283, 0, 1669990180110, 1669990183620, [110, 12, 27], [0], 1.6384579844150668
120, 30.73225683052911, 831, 1418, 51, 2177, 0, 1669990238593, 1669990244699, [110, 12, 27], [1], 3.240431972852078
130, 36.373694550010285, 762, 1290, 48, 1672, 0, 1669990297479, 1669990302819, [120, 12, 26], [1], 4.192449809821379
130, 24.2136796211117, 838, 1513, 47, 2772, 0, 1669990349583, 1669990353095, [130, 10, 26], [0], 2.4885590566404625
120, 21.320087008698145, 738, 1332, 32, 3236, 0, 1669990412926, 1669990428032, [130, 11, 26], [-1], 2.488338819876067
120, 30.331814016182385, 674, 1223, 28, 2099, 0, 1669990507337, 1669990511079, [120, 11, 27], [0], 3.8698410329398296
120, 39.44660753111073, 436, 846, 19, 1653, 0, 1669990547154, 1669990550952, [120, 10, 26], [0], 7.615175199056125
110, 33.06965682056805, 664, 1270, 29, 2020, 0, 1669990612596, 1669990617083, [120, 11, 26], [-1], 4.211622111636277
100, 30.948415780279333, 544, 1130, 14, 1983, 0, 1669990671537, 1669990675707, [110, 10, 26], [-1], 4.680643644930329
110, 31.06448149831604, 612, 1085, 21, 5188, 0, 1669990745272, 1669990767244, [100, 11, 26], [1], 4.396331941454293
100, 42.96442270901035, 507, 1032, 19, 1523, 0, 1669990819567, 1669990822616, [110, 10, 26], [-1], 7.020330508008227
110, 32.56027333711133, 550, 1029, 32, 1934, 0, 1669990876958, 1669990880729, [100, 12, 27], [1], 5.041850934826778
110, 49.895852958337244, 489, 983, 12, 1577, 0, 1669990921286, 1669990922647, [110, 11, 26], [0], 8.488576549564007
100, 34.555227056512095, 693, 1172, 65, 1953, 0, 1669990980298, 1669990982855, [110, 10, 26], [-1], 4.380733653208938
110, 40.326636861330726, 624, 1203, 49, 1609, 0, 1669991035621, 1669991038002, [100, 11, 26], [1], 5.451018770117697
100, 32.84313362492996, 731, 1385, 15, 1920, 0, 1669991091957, 1669991095460, [110, 12, 26], [-1], 3.8109925301612857
110, 34.290702993787576, 673, 1331, 31, 2116, 0, 1669991154530, 1669991156951, [100, 13, 26], [1], 4.261832338278347
110, 28.842484288160826, 717, 1444, 25, 2163, 0, 1669991212290, 1669991215161, [110, 11, 26], [0], 3.344443910964845
120, 34.97619101643435, 729, 1259, 36, 1810, 0, 1669991267245, 1669991271669, [110, 11, 27], [1], 4.188765391189742
110, 27.458777526783713, 861, 1462, 49, 2198, 0, 1669991328644, 1669991332785, [120, 12, 27], [-1], 2.798489352505474
120, 19.703096253236737, 1071, 2579, 45, 3531, 0, 1669991394520, 1669991409307, [110, 11, 27], [1], 1.4354579814393658
120, 26.918387125754343, 678, 1096, 37, 3525, 0, 1669991474774, 1669991476888, [120, 11, 27], [0], 3.534452091091694
110, 18.477997850979246, 915, 1566, 139, 5233, 0, 1669991547956, 1669991569388, [120, 9, 27], [-1], 1.7678911070588637
120, 27.211129402579623, 744, 1439, 42, 2281, 0, 1669991629066, 1669991632482, [110, 16, 27], [1], 3.0816681090124147
130, 24.829280384757983, 836, 1731, 33, 2402, 0, 1669991690153, 1669991697628, [120, 13, 27], [1], 2.446234520665811
140, 26.696465788016734, 818, 1442, 54, 2627, 16, 1669991768264, 1669991775547, [130, 12, 27], [1], 2.8316149541808158
130, 34.68810612987134, 639, 1099, 32, 1788, 0, 1669991827964, 1669991835245, [140, 11, 25], [-1], 4.74529495620675
120, 35.783206508455464, 678, 1247, 33, 1731, 0, 1669991890601, 1669991892530, [130, 10, 26], [-1], 4.519222847746334
120, 35.651317423347386, 683, 1356, 18, 1775, 0, 1669991932965, 1669991936276, [120, 12, 27], [0], 4.360484029274387
120, 14.94522449191033, 1209, 3529, 23, 5853, 0, 1669991992975, 1669992026413, [120, 10, 26], [0], 0.8933188578547716
120, 18.89784037229014, 822, 1548, 57, 3335, 0, 1669992087002, 1669992095029, [120, 10, 26], [0], 1.9538710062334719
120, 32.6701339999108, 565, 1094, 19, 1902, 0, 1669992134977, 1669992137818, [120, 10, 26], [0], 4.870324090624748
120, 25.45076368990444, 788, 1399, 29, 2774, 0, 1669992180302, 1669992266944, [120, 10, 26], [0], 2.796172675225713
110, 23.47549304886346, 688, 1450, 21, 2482, 0, 1669992343412, 1669992347061, [120, 9, 26], [-1], 2.793371376590131
100, 39.28936029120422, 648, 1206, 29, 1677, 0, 1669992398933, 1669992403531, [110, 9, 26], [-1], 5.1723749725124035
110, 30.36169257876952, 713, 1316, 48, 2174, 0, 1669992458472, 1669992477357, [100, 11, 26], [1], 3.6422375934224474
110, 28.604282991914648, 570, 1092, 37, 2353, 0, 1669992518721, 1669992523936, [110, 10, 27], [0], 4.241441724779752
120, 21.488853822649514, 806, 1371, 22, 5577, 0, 1669992615297, 1669992617241, [110, 14, 28], [1], 2.3382865965886306
120, 35.620291143675196, 522, 979, 31, 1847, 0, 1669992653938, 1669992657528, [120, 11, 27], [0], 5.807024966363741
130, 9.465023278903598, 1170, 2032, 47, 6981, 6, 1669992742391, 1669992758703, [120, 9, 27], [1], 0.7050821870458579
130, 29.42727012363745, 628, 1331, 23, 1948, 0, 1669992798257, 1669992803002, [130, 11, 28], [0], 3.828684637475598
120, 33.47453893616697, 761, 1185, 28, 2087, 0, 1669992873783, 1669992878651, [130, 11, 28], [-1], 3.9577369278986723
130, 21.76168169341135, 786, 1415, 28, 3203, 0, 1669992938194, 1669992945946, [120, 10, 28], [1], 2.386672701624408
120, 19.057415576443084, 980, 2100, 35, 4273, 0, 1669993024124, 1669993031450, [130, 10, 28], [-1], 1.5828418252859706
130, 34.27720097859548, 598, 1041, 35, 1905, 0, 1669993085661, 1669993088872, [120, 10, 29], [1], 4.992310075530947
140, 16.97526385917563, 1216, 2577, 86, 4618, 0, 1669993202828, 1669993207138, [130, 11, 27], [1], 1.140657429053597
140, 22.354577638716687, 1430, 2448, 58, 7148, 0, 1669993271089, 1669993309973, [140, 9, 26], [0], 1.3684241943386808
150, 28.214798001929978, 780, 1511, 57, 2118, 0, 1669993364383, 1669993413105, [140, 11, 26], [1], 3.046296480450224
140, 40.05271819964804, 472, 921, 19, 1556, 0, 1669993464626, 1669993468561, [150, 9, 26], [-1], 7.129355322116061
130, 16.43198521411754, 972, 2003, 49, 3510, 0, 1669993534287, 1669993540455, [140, 11, 26], [-1], 1.394668580386822
140, 35.48399070724527, 634, 1071, 38, 1864, 0, 1669993593120, 1669993596779, [130, 12, 26], [1], 4.9187677720051655
150, 23.481567446344663, 866, 1541, 39, 3511, 0, 1669993658000, 1669993679307, [140, 10, 26], [1], 2.3458109337007653
140, 25.476252879198473, 1014, 1699, 97, 2352, 0, 1669993742772, 1669993746142, [150, 12, 26], [-1], 2.2134016402431342
150, 26.661645036796905, 822, 1717, 32, 2448, 0, 1669993804722, 1669993810562, [140, 13, 26], [1], 2.6635010026770134
150, 32.66068027690771, 501, 949, 29, 1953, 0, 1669993848517, 1669993852654, [150, 11, 26], [0], 5.530084706553963
160, 26.727429652211207, 728, 1376, 31, 2288, 0, 1669993908078, 1669993912932, [150, 11, 25], [1], 3.1165379725059714
170, 31.697906639292313, 624, 1339, 21, 1962, 0, 1669993970619, 1669993973780, [160, 12, 25], [1], 4.132712730025073
170, 19.592275417562018, 1668, 4624, 54, 14953, 0, 1669994077916, 1669994181733, [170, 11, 25], [0], 0.8672218226612082
170, 32.40670554627603, 575, 1087, 26, 2001, 0, 1669994219799, 1669994223639, [170, 8, 25], [0], 4.783983694460589
170, 22.326150501924616, 994, 1636, 48, 2786, 0, 1669994267919, 1669994274016, [170, 9, 25], [0], 1.9891438437210098
160, 40.6296353615664, 601, 916, 35, 1462, 0, 1669994333028, 1669994335463, [170, 13, 25], [-1], 6.1189209881877105
160, 33.132211240382546, 647, 1160, 29, 2003, 0, 1669994393222, 1669994396263, [160, 13, 26], [0], 4.419985490979529
160, 27.461999018524086, 593, 974, 29, 2393, 0, 1669994441435, 1669994444709, [160, 11, 26], [0], 4.103705770849385
160, 27.477444936872125, 928, 1379, 35, 2752, 0, 1669994505756, 1669994509072, [160, 11, 25], [0], 2.6986294379171207
170, 36.18463208523273, 653, 1117, 29, 1816, 0, 1669994563107, 1669994564897, [160, 10, 25], [1], 4.851787622047832
170, 28.507127128320946, 859, 1589, 15, 2239, 0, 1669994603769, 1669994610606, [170, 11, 26], [0], 2.8365300625194974
170, 24.75227130630409, 839, 1397, 23, 2959, 0, 1669994668291, 1669994676266, [170, 10, 25], [0], 2.6038577010629163
160, 18.163604571455323, 1007, 1840, 78, 3520, 0, 1669994746381, 1669994748890, [170, 9, 25], [-1], 1.5476827344457502
150, 28.49591142427733, 704, 1224, 34, 2297, 0, 1669994807158, 1669994810651, [160, 11, 26], [-1], 3.526721710925412
150, 33.584359918278885, 549, 1039, 8, 1874, 0, 1669994847831, 1669994861398, [150, 10, 26], [0], 5.190782058466597
150, 10.01540114710237, 1914, 5113, 45, 14433, 19, 1669995021414, 1669995024687, [150, 10, 26], [0], 0.3921764095505666
160, 38.4538592029683, 701, 1070, 18, 1631, 0, 1669995077612, 1669995081115, [150, 9, 26], [1], 4.963069076273658
150, 37.20229404641496, 672, 1175, 60, 1861, 0, 1669995152429, 1669995155399, [160, 10, 26], [-1], 4.815207616672917
150, 22.765609603450297, 768, 1629, 50, 2944, 0, 1669995199004, 1669995206388, [150, 10, 26], [0], 2.421358179477802
150, 35.282257909565985, 640, 1116, 40, 1841, 0, 1669995253694, 1669995257091, [150, 10, 26], [0], 4.799001347873501
160, 22.41718771270167, 804, 1589, 38, 3161, 0, 1669995318785, 1669995328267, [150, 11, 25], [1], 2.3326938306661464
160, 3.1527471512490575, 2573, 6300, 128, 16903, 3, 1669995483890, 1669995488131, [160, 11, 26], [0], 0.09500805060417844
150, 37.57564929403766, 589, 1115, 17, 1736, 0, 1669995542087, 1669995544325, [160, 9, 26], [-1], 5.412798803520262
150, 26.805044153796576, 749, 1411, 36, 2268, 0, 1669995588852, 1669995593772, [150, 10, 26], [0], 3.0411894887447897
140, 33.95657592824151, 704, 1118, 49, 1936, 0, 1669995653784, 1669995657642, [150, 11, 26], [-1], 4.315782400640762
130, 22.945712542016526, 1047, 1706, 81, 2967, 0, 1669995723382, 1669995727254, [140, 10, 26], [-1], 1.9465314338324162
140, 34.240445856281895, 620, 1206, 17, 1903, 0, 1669995787602, 1669995791974, [130, 11, 26], [1], 4.644661673396892
130, 42.002100638827415, 533, 951, 40, 1508, 0, 1669995843278, 1669995853049, [140, 11, 26], [-1], 6.811887875255825
120, 28.014077751282763, 854, 1499, 25, 2295, 0, 1669995908299, 1669995930283, [130, 11, 26], [-1], 2.849855315491634
110, 9.705741230716274, 1075, 2133, 62, 10382, 0, 1669996030890, 1669996057037, [120, 11, 26], [-1], 0.7543713066000525
100, 21.764119626609958, 960, 1667, 45, 4527, 0, 1669996123254, 1669996163521, [110, 12, 26], [-1], 1.976041367950786
110, 32.7083365440888, 804, 1402, 34, 1964, 0, 1669996221732, 1669996225412, [100, 11, 26], [1], 3.541396334353486
100, 41.21180879485796, 571, 1089, 17, 1596, 0, 1669996277190, 1669996279854, [110, 12, 26], [-1], 6.109073346406457
110, 21.715254020013948, 1129, 2006, 129, 2720, 0, 1669996339031, 1669996353231, [100, 11, 26], [1], 1.6647695507523725
120, 31.50610808986218, 686, 1259, 15, 1946, 0, 1669996410392, 1669996413540, [110, 12, 26], [1], 3.9353120272123627
110, 28.34512396550714, 511, 1070, 29, 2209, 0, 1669996471627, 1669996475944, [120, 11, 26], [-1], 4.55124019998509
110, 42.49099909323333, 549, 960, 23, 1690, 1, 1669996532588, 1669996534374, [110, 11, 26], [0], 6.731780591450147
100, 31.191020947822373, 753, 1441, 56, 2282, 0, 1669996596614, 1669996601507, [110, 9, 26], [-1], 3.502248029173858
110, 33.28592292271738, 737, 1195, 40, 1915, 0, 1669996654615, 1669996662054, [100, 11, 26], [1], 4.017128037981823
100, 30.706206069296, 653, 1353, 30, 2044, 0, 1669996732616, 1669996735793, [110, 12, 26], [-1], 3.8721571335808322
110, 24.73314955583023, 589, 974, 31, 5446, 0, 1669996824842, 1669996828020, [100, 11, 26], [1], 3.7136861194940285
110, 34.829210326133285, 631, 1237, 27, 1814, 0, 1669996865805, 1669996873554, [110, 10, 27], [0], 4.630312460267652
100, 27.2608007929029, 891, 1533, 66, 2258, 0, 1669996928690, 1669996933392, [110, 10, 26], [-1], 2.6742005878853146
100, 32.721060149634596, 781, 1296, 31, 2106, 0, 1669996976127, 1669996977701, [100, 11, 27], [0], 3.701477392492601
110, 29.622935929722978, 937, 1603, 60, 2085, 0, 1669997048572, 1669997053358, [100, 11, 26], [1], 2.767981305337598
120, 28.093948631478277, 560, 1120, 45, 2174, 0, 1669997127174, 1669997130826, [110, 11, 27], [1], 4.180647117779506
120, 37.76794430437078, 478, 1037, 28, 1763, 11, 1669997171544, 1669997173497, [120, 10, 26], [0], 6.403517176054726
110, 32.47442150355435, 504, 938, 31, 1991, 0, 1669997229688, 1669997233290, [120, 11, 26], [-1], 5.496686104189971
110, 22.614115758099803, 838, 1416, 37, 2707, 0, 1669997293839, 1669997299541, [110, 13, 26], [0], 2.3714467028208683
110, 38.87022676258316, 578, 1061, 28, 1753, 0, 1669997344364, 1669997348114, [110, 11, 26], [0], 5.7619666117081465
110, 29.01635570523962, 756, 1338, 27, 2194, 0, 1669997388279, 1669997395214, [110, 10, 27], [0], 3.326038022150345
110, 31.007113351567547, 646, 1221, 24, 2062, 0, 1669997452763, 1669997456184, [110, 10, 26], [0], 4.074522122413606
110, 30.57384130796614, 595, 1116, 27, 2033, 0, 1669997496961, 1669997500219, [110, 9, 25], [0], 4.37268897425145
120, 20.617512250396327, 955, 1793, 67, 3623, 0, 1669997563105, 1669997570650, [110, 11, 25], [1], 1.836585805308777
130, 27.302102767832288, 597, 1292, 16, 2210, 0, 1669997632944, 1669997636617, [120, 11, 25], [1], 3.7095248325859087
120, 27.972422110742674, 694, 1255, 69, 2175, 0, 1669997708822, 1669997712557, [130, 10, 26], [-1], 3.469662876549575
130, 25.575097360326186, 958, 1563, 51, 2355, 0, 1669997768808, 1669997778312, [120, 10, 27], [1], 2.3702592548958465
130, 38.742012843292684, 564, 1047, 37, 1755, 0, 1669997817421, 1669997820935, [130, 12, 26], [0], 5.864670427383088
120, 40.57526569406184, 663, 1140, 36, 1509, 0, 1669997873030, 1669997875669, [130, 11, 26], [-1], 5.350114147423766
120, 31.436849267323325, 766, 1493, 35, 1989, 0, 1669997914879, 1669997921793, [120, 10, 26], [0], 3.4492922171739435
110, 29.3540722203012, 756, 1448, 32, 2121, 0, 1669997977752, 1669997981218, [120, 11, 26], [-1], 3.281984818906664
110, 43.344395511164564, 608, 1066, 23, 1685, 0, 1669998019240, 1669998023635, [110, 12, 26], [0], 6.195596842647879
100, 30.375902896862783, 767, 1114, 61, 2283, 0, 1669998098171, 1669998100529, [110, 10, 26], [-1], 3.631743531427879
100, 31.70361758796534, 631, 1246, 52, 1951, 0, 1669998140490, 1669998143983, [100, 10, 27], [0], 4.204723818032539
100, 41.5074072127922, 596, 1010, 32, 1580, 0, 1669998182240, 1669998184051, [100, 11, 27], [0], 6.114821333646465
100, 26.310745617277426, 796, 1371, 37, 5498, 0, 1669998239594, 1669998261330, [100, 11, 27], [0], 2.8881169722587736
100, 40.44685774890429, 595, 1064, 21, 1547, 0, 1669998298620, 1669998302704, [100, 10, 27], [0], 5.8720757475180445
100, 32.70498331158596, 652, 1077, 35, 1982, 0, 1669998350800, 1669998354760, [100, 11, 27], [0], 4.437582538885477
100, 28.4466365032112, 832, 1405, 49, 2317, 0, 1669998398886, 1669998404077, [100, 11, 27], [0], 3.0051380206223532
100, 21.991687785092534, 1012, 1809, 39, 2913, 0, 1669998450838, 1669998454227, [100, 10, 27], [0], 1.8773849910442661
90, 32.95591165481336, 727, 1401, 26, 1941, 0, 1669998507548, 1669998511439, [100, 12, 26], [-1], 3.824078864564094
80, 32.908445900075186, 600, 1228, 27, 1846, 0, 1669998566897, 1669998569867, [90, 11, 26], [-1], 4.535342599238587
80, 33.864757794577805, 573, 1161, 25, 1854, 0, 1669998607776, 1669998612120, [80, 11, 26], [0], 4.903671849779584
80, 39.65960971911427, 499, 941, 42, 1556, 0, 1669998648404, 1669998652212, [80, 11, 27], [0], 6.7517210962060386
80, 26.99844551515478, 663, 1296, 54, 2370, 0, 1669998695906, 1669998700518, [80, 11, 27], [0], 3.419256017623453
90, 33.7078066709101, 538, 994, 44, 1799, 0, 1669998754015, 1669998758184, [80, 11, 25], [1], 5.35724835837732
80, 29.97612037371257, 570, 996, 20, 2100, 0, 1669998830039, 1669998833693, [90, 12, 26], [-1], 4.575109947147828
80, 25.5015252161193, 731, 1257, 36, 2838, 1, 1669998894468, 1669998897455, [80, 11, 26], [0], 3.049692085161361
80, 28.42228187149871, 485, 940, 25, 2385, 0, 1669998938191, 1669998960279, [80, 11, 27], [0], 4.934423936024082
80, 26.087682895703114, 782, 1264, 27, 3154, 0, 1669999004809, 1669999026325, [80, 12, 27], [0], 2.9699092549753088
80, 36.57962471333898, 579, 1133, 16, 1776, 0, 1669999064054, 1669999067425, [80, 10, 27], [0], 5.30293196772093
80, 29.325899366603615, 659, 1284, 22, 2296, 0, 1669999115561, 1669999121630, [80, 10, 27], [0], 3.7405483885974
90, 32.17278366168803, 827, 1587, 24, 1975, 0, 1669999176673, 1669999180506, [80, 12, 28], [1], 3.286290465953833
90, 43.030881083997016, 551, 946, 31, 1465, 0, 1669999221194, 1669999223285, [90, 11, 27], [0], 6.830298584761431
80, 27.804897284694015, 568, 1217, 58, 2233, 0, 1669999279198, 1669999284072, [90, 12, 27], [-1], 3.9846513735589015
80, 27.682658976353913, 661, 1184, 55, 2448, 0, 1669999345979, 1669999347699, [80, 13, 27], [0], 3.615812300986665
80, 28.163785883564508, 526, 1084, 24, 2092, 0, 1669999400572, 1669999404638, [80, 11, 27], [0], 4.417155878852651
80, 27.7549190865426, 571, 1187, 18, 2119, 0, 1669999447367, 1669999450827, [80, 11, 28], [0], 3.9981156851833184
80, 40.30073593304987, 550, 1101, 20, 1532, 0, 1669999487800, 1669999491723, [80, 12, 27], [0], 6.1043223164268205
70, 31.413680227256997, 692, 1224, 39, 2049, 0, 1669999550999, 1669999554603, [80, 10, 26], [-1], 3.9345791867806854
80, 31.933416819560698, 749, 1360, 28, 1964, 0, 1669999607838, 1669999611830, [70, 13, 26], [1], 3.665451884706232
90, 25.422962193081474, 975, 2202, 28, 6307, 0, 1669999713630, 1669999717187, [80, 11, 27], [1], 2.08316635472644
100, 34.330911750388225, 734, 1327, 25, 1842, 0, 1669999782158, 1669999784663, [90, 10, 28], [1], 4.026614092234134
100, 27.214100578054552, 634, 1223, 25, 2242, 0, 1669999842889, 1669999846886, [100, 11, 29], [0], 3.6198590819439413
100, 30.44998410357529, 540, 1196, 22, 2070, 0, 1669999885563, 1669999890963, [100, 10, 27], [0], 4.536648406372957
100, 18.2698839262778, 700, 1581, 14, 3436, 1, 1669999954104, 1669999959737, [100, 10, 26], [0], 2.085127131508537
100, 30.486804065997283, 717, 1266, 56, 2092, 0, 1669999998694, 1670000003378, [100, 10, 26], [0], 3.687325116835665
100, 30.41196417513006, 794, 1469, 39, 2096, 0, 1670000048809, 1670000051567, [100, 10, 26], [0], 3.2736237002292854
90, 30.73571754985999, 741, 1287, 48, 2104, 0, 1670000109607, 1670000113596, [100, 12, 26], [-1], 3.6151161550058797
90, 27.171407888372908, 781, 1497, 63, 2663, 1, 1670000169576, 1670000176439, [90, 13, 26], [0], 2.939992197400228
90, 29.41886794677208, 632, 1265, 30, 2129, 0, 1670000217268, 1670000221079, [90, 11, 27], [0], 3.8780474488231054
90, 38.64349395830506, 377, 664, 38, 1642, 0, 1670000260892, 1670000262764, [90, 10, 26], [0], 8.89583194251958
100, 31.46643684598486, 715, 1315, 43, 2047, 0, 1670000317734, 1670000321359, [90, 10, 25], [1], 3.7684355504173483
110, 40.735596906695875, 553, 1107, 30, 1754, 0, 1670000372980, 1670000380574, [100, 11, 26], [1], 6.1367274641000105
110, 21.93578061321083, 844, 2177, 37, 5744, 0, 1670000546693, 1670000548319, [110, 11, 26], [0], 1.9751288144436188
120, 42.24645175988955, 523, 969, 25, 1757, 0, 1670000606489, 1670000608264, [110, 8, 26], [1], 6.9007598431704595
130, 24.159296747705906, 877, 1444, 69, 4240, 0, 1670000691962, 1670000695473, [120, 11, 25], [1], 2.4393474099056847
130, 38.22808264885208, 701, 1399, 26, 1759, 0, 1670000736230, 1670000738282, [130, 10, 26], [0], 4.547713853063535
120, 20.990418507338983, 1119, 1819, 52, 2999, 0, 1670000800783, 1670000805775, [130, 10, 25], [-1], 1.6672294287004754
130, 32.005722148358416, 666, 1250, 55, 2066, 0, 1670000858941, 1670000864092, [120, 12, 26], [1], 4.088620611696271
120, 26.08701861387538, 834, 1494, 24, 2265, 0, 1670000948199, 1670000952822, [130, 11, 26], [-1], 2.7005195252458982
130, 16.333526717272903, 1298, 2568, 68, 6059, 0, 1670001028475, 1670001050964, [120, 9, 26], [1], 1.0524179585871716
120, 29.270186229043908, 759, 1344, 29, 2193, 0, 1670001108005, 1670001111389, [130, 12, 26], [-1], 3.341345459936519
130, 17.46721174885996, 924, 1902, 44, 4595, 0, 1670001182358, 1670001189971, [120, 12, 26], [1], 1.560129666743476
130, 35.66740254341022, 599, 1253, 34, 1856, 0, 1670001228679, 1670001233055, [130, 14, 26], [0], 4.887284535956455
120, 33.87123285192969, 898, 1531, 67, 2030, 0, 1670001292331, 1670001294766, [130, 12, 26], [-1], 3.3058005906626673
110, 38.11700986602767, 613, 971, 25, 1675, 0, 1670001347885, 1670001351462, [120, 12, 25], [-1], 5.567778245110674
100, 37.71704965890292, 575, 1107, 47, 1669, 0, 1670001412915, 1670001415551, [110, 10, 26], [-1], 5.535228890358515
110, 45.20110449292855, 510, 907, 33, 1395, 0, 1670001467022, 1670001469354, [100, 11, 26], [1], 7.6690031375854355
100, 20.875243980839198, 894, 1788, 68, 3537, 0, 1670001539789, 1670001543443, [110, 12, 26], [-1], 1.9458653971699473
90, 25.55499733263334, 708, 1512, 17, 2905, 0, 1670001601663, 1670001615514, [100, 12, 26], [-1], 2.9414131368132304
80, 36.25483735488619, 523, 1006, 17, 1787, 0, 1670001667763, 1670001671458, [90, 11, 26], [-1], 5.851329463345093
70, 13.621112925346523, 678, 1079, 57, 9041, 0, 1670001765050, 1670001786905, [80, 10, 26], [-1], 1.7965065847199317
70, 36.28330658198563, 547, 1118, 18, 1852, 0, 1670001836004, 1670001838019, [70, 10, 26], [0], 5.487493433452151
60, 26.833875676644407, 663, 1212, 27, 2415, 0, 1670001894244, 1670001898573, [70, 12, 26], [-1], 3.4722924012221026
50, 36.390375509882546, 707, 1165, 47, 1711, 0, 1670001955849, 1670001958215, [60, 11, 26], [-1], 4.556771288490176
50, 28.246049291924965, 630, 1273, 31, 2599, 0, 1670002006242, 1670002008800, [50, 14, 27], [0], 3.7234444096921915
60, 34.11073260489162, 629, 1102, 78, 1936, 0, 1670002080009, 1670002083513, [50, 13, 26], [1], 4.714031592715813
50, 30.474815711350715, 611, 1188, 74, 2130, 0, 1670002138724, 1670002142543, [60, 11, 26], [-1], 4.195321546166122
60, 16.475352467025793, 1263, 2194, 36, 10120, 0, 1670002265713, 1670002268344, [50, 13, 26], [1], 1.1368584368634966
60, 32.70879868709463, 750, 1335, 39, 1890, 0, 1670002312346, 1670002315115, [60, 10, 26], [0], 3.772641140380003
70, 38.13903371387689, 599, 1133, 24, 1555, 0, 1670002369402, 1670002372054, [60, 13, 26], [1], 5.403660203156261
80, 31.56958968172796, 691, 1238, 22, 1990, 0, 1670002427859, 1670002431372, [70, 13, 27], [1], 3.9442265969175363
90, 33.260744894459336, 587, 908, 24, 3496, 0, 1670002511975, 1670002513340, [80, 12, 28], [1], 5.107608245463656
90, 17.8082266616798, 1087, 1790, 50, 5261, 0, 1670002569125, 1670002590884, [90, 10, 28], [0], 1.4506538499250408
100, 33.58666800874694, 679, 1213, 49, 1835, 0, 1670002644530, 1670002648471, [90, 11, 27], [1], 4.274200561052041
110, 22.70966638521881, 1184, 1834, 26, 2974, 0, 1670002708428, 1670002730471, [100, 11, 26], [1], 1.728285113030351
100, 22.03942876313335, 922, 1729, 64, 3609, 0, 1670002811498, 1670002813731, [110, 12, 26], [-1], 2.0342836222201726
90, 13.173875025700687, 873, 1334, 46, 6833, 0, 1670002893445, 1670002915490, [100, 12, 26], [-1], 1.3648855186179742
80, 20.893652332985617, 927, 1774, 72, 3092, 0, 1670002988924, 1670002996774, [90, 10, 27], [-1], 1.90565964365064
80, 23.23257804679855, 737, 1585, 19, 2637, 0, 1670003040165, 1670003045355, [80, 11, 26], [0], 2.5626051231853686
80, 29.058703388800474, 851, 1522, 51, 2128, 0, 1670003108448, 1670003113070, [80, 12, 27], [0], 2.9495232834754845
80, 32.227257826942676, 597, 1068, 25, 1922, 0, 1670003152190, 1670003155554, [80, 11, 27], [0], 4.662508366166475
80, 27.0327438670336, 912, 1549, 45, 2359, 0, 1670003214270, 1670003218046, [80, 13, 27], [0], 2.6008027580367132
90, 26.111993669697178, 843, 1651, 34, 2457, 0, 1670003279941, 1670003283802, [80, 12, 26], [1], 2.5992428498603597
80, 8.866214116935549, 1173, 2019, 38, 8430, 0, 1670003384157, 1670003405927, [90, 11, 26], [-1], 0.6605732466797458
80, 37.13496001178093, 587, 1160, 24, 1730, 0, 1670003445987, 1670003448220, [80, 11, 26], [0], 5.2928962388513305
80, 17.52405579881968, 1131, 2459, 14, 6703, 0, 1670003536291, 1670003539423, [80, 9, 26], [0], 1.2547655591307232
90, 26.35344691415628, 845, 1558, 28, 2428, 0, 1670003602365, 1670003606483, [80, 9, 26], [1], 2.668433263887837
80, 40.2942055073505, 616, 1015, 50, 1624, 0, 1670003657956, 1670003661480, [90, 11, 26], [-1], 5.791061441125396
90, 35.975859310324346, 482, 915, 16, 1776, 0, 1670003723988, 1670003727403, [80, 12, 26], [1], 6.327094497067243
80, 39.33325845779795, 512, 1034, 21, 1719, 0, 1670003778436, 1670003783271, [90, 12, 26], [-1], 6.38112564208273
80, 16.56562437640979, 1194, 2576, 40, 7544, 1, 1670003915279, 1670003918849, [80, 12, 27], [0], 1.1266066632487615
80, 35.558375002859805, 596, 1059, 27, 1831, 0, 1670003964496, 1670003968074, [80, 10, 27], [0], 5.163865089000843
80, 20.62874217464095, 606, 1290, 22, 3259, 0, 1670004028425, 1670004036868, [80, 11, 27], [0], 2.777159689639331
80, 33.55359281022684, 550, 1044, 16, 1888, 0, 1670004079511, 1670004083322, [80, 12, 27], [0], 5.171638842513385
80, 32.5059731293138, 779, 1478, 20, 2313, 0, 1670004129971, 1670004135117, [80, 15, 27], [0], 3.537872565227884
80, 37.276266138275446, 520, 967, 30, 1752, 0, 1670004176177, 1670004178503, [80, 13, 27], [0], 6.116879904541426
80, 27.913226423815406, 762, 1529, 48, 2231, 0, 1670004217917, 1670004226046, [80, 13, 27], [0], 3.0492928144871536
70, 17.19996735325153, 1775, 4904, 94, 19412, 4, 1670004451894, 1670004454128, [80, 16, 27], [-1], 0.7164264975529627
70, 26.241770775241008, 752, 1366, 32, 2373, 0, 1670004498796, 1670004504208, [70, 10, 26], [0], 2.999745173209992
70, 27.783329232, 470, 1007, 21, 2233, 0, 1670004544416, 1670004551348, [70, 14, 28], [0], 4.811799312781434
70, 33.625810853087, 569, 1055, 27, 1988, 0, 1670004593233, 1670004595230, [70, 18, 28], [0], 5.047404811330982
70, 32.544542906741086, 670, 1116, 42, 1999, 0, 1670004652794, 1670004655673, [70, 13, 28], [0], 4.286689002468531
80, 42.06502324235855, 515, 947, 15, 1539, 0, 1670004741848, 1670004745142, [70, 12, 28], [1], 6.994516668167368
80, 33.73656260694296, 580, 1254, 42, 2099, 0, 1670004788093, 1670004794361, [80, 11, 28], [0], 4.719720566164376
70, 31.477678157247972, 633, 1156, 26, 2011, 0, 1670004848374, 1670004852312, [80, 12, 27], [-1], 4.26758109507158
60, 16.341258246539986, 902, 1406, 56, 5815, 0, 1670004982031, 1670004985556, [70, 13, 28], [-1], 1.6295630481192647
50, 42.93103041592132, 463, 919, 33, 1431, 0, 1670005038474, 1670005041250, [60, 11, 27], [-1], 7.746486902908935
50, 27.534454308389662, 618, 1318, 31, 2143, 0, 1670005081382, 1670005085698, [50, 14, 27], [0], 3.6325137610012748
60, 31.702734422257763, 444, 1005, 17, 1994, 0, 1670005142981, 1670005146875, [50, 13, 27], [1], 5.699880334818007
50, 25.306338785323568, 675, 1465, 66, 2643, 0, 1670005216157, 1670005218686, [60, 11, 27], [-1], 3.037975844576659
40, 35.37232302418016, 662, 1229, 29, 1773, 0, 1670005273773, 1670005276574, [50, 12, 27], [-1], 4.561816227002858
50, 38.31133455374233, 493, 968, 34, 1703, 0, 1670005328050, 1670005333075, [40, 14, 29], [1], 6.515533087371144
50, 35.221883060785686, 460, 963, 32, 1760, 0, 1670005370204, 1670005373989, [50, 12, 28], [0], 6.282890306954278
50, 30.342203589829964, 583, 1232, 33, 2027, 0, 1670005415980, 1670005419777, [50, 14, 28], [0], 4.256762568719131
40, 24.97889642245307, 840, 1411, 25, 2553, 0, 1670005477563, 1670005482928, [50, 14, 28], [-1], 2.617784156618431
30, 33.73814451303802, 477, 987, 10, 1901, 0, 1670005536793, 1670005539658, [40, 13, 29], [-1], 5.826967964255272
30, 39.8586252811117, 368, 772, 16, 1436, 0, 1670005576957, 1670005579345, [30, 12, 28], [0], 8.881155365666599
30, 19.18836435572057, 752, 1380, 23, 3780, 1, 1670005638758, 1670005649736, [30, 12, 29], [0], 2.1864590195670655
40, 32.51500810268235, 409, 821, 29, 1908, 0, 1670005703440, 1670005725399, [30, 13, 28], [1], 6.616810765706623
50, 26.674154319638383, 746, 1425, 39, 2236, 0, 1670005783325, 1670005788121, [40, 14, 28], [1], 3.024966468545972
40, 26.607871802856664, 646, 1161, 29, 2275, 0, 1670005847959, 1670005852093, [50, 13, 29], [-1], 3.5524528441731187
30, 32.00268075067504, 603, 1115, 39, 2415, 0, 1670005912166, 1670005914668, [40, 13, 29], [-1], 4.536813262074714
20, 39.610929211360315, 453, 738, 37, 1567, 0, 1670005968043, 1670005970467, [30, 14, 28], [-1], 7.766848864972611
10, 51.5773299855566, 432, 627, 49, 963, 0, 1670006024969, 1670006026775, [20, 13, 28], [-1], 10.950600846190362
10, 58.18373573008243, 300, 474, 22, 904, 0, 1670006059761, 1670006062323, [10, 16, 30], [0], 17.378654638614822
10, 45.43267008075797, 395, 608, 33, 1273, 0, 1670006113665, 1670006115962, [10, 18, 29], [-1], 10.382237221379793
20, 43.995494030060016, 367, 636, 36, 1273, 1, 1670006185452, 1670006187835, [10, 15, 29], [1], 10.4552029539116
10, 33.63501077055236, 773, 1340, 37, 2135, 0, 1670006247113, 1670006249276, [20, 12, 30], [-1], 3.7945634894576217
20, 25.6091743146849, 712, 1429, 33, 2407, 0, 1670006309969, 1670006313517, [10, 20, 31], [1], 2.9938244464209607
20, 50.29566220002844, 343, 583, 29, 980, 0, 1670006347606, 1670006350140, [20, 19, 32], [0], 12.863340716119803
30, 27.14246633462009, 767, 1224, 58, 2335, 0, 1670006408634, 1670006412480, [20, 18, 31], [1], 3.1619834965773634
20, 27.90963915306515, 524, 941, 38, 2171, 0, 1670006467777, 1670006471750, [30, 16, 31], [-1], 4.594935652463803
20, 40.86515663675564, 462, 878, 29, 1568, 0, 1670006509316, 1670006513871, [20, 15, 30], [0], 7.4954432569251
20, 35.5874601582556, 569, 963, 19, 1811, 4, 1670006570122, 1670006573081, [20, 15, 30], [0], 5.493587551444211
20, 31.070027136605837, 426, 767, 31, 2019, 0, 1670006613612, 1670006616196, [20, 12, 30], [0], 6.286933860098308
20, 37.835392559478535, 486, 840, 22, 1622, 0, 1670006657911, 1670006660575, [20, 12, 29], [0], 6.795149525768415
30, 30.784956952003583, 702, 1226, 75, 2106, 0, 1670006721167, 1670006723965, [20, 18, 28], [1], 3.815686285573076
20, 40.07853607450979, 486, 842, 32, 1610, 0, 1670006778274, 1670006780573, [30, 15, 28], [-1], 7.192845670227888
10, 39.01536223679824, 612, 954, 36, 1583, 0, 1670006835101, 1670006836824, [20, 15, 29], [-1], 5.73418022292743
10, 41.954908545928205, 343, 537, 17, 1461, 0, 1670006906721, 1670006908989, [10, 17, 29], [-1], 10.988713605533839
10, 37.34057652618286, 683, 1146, 20, 1460, 0, 1670006978928, 1670006982562, [10, 12, 29], [-1], 4.81441162018861
20, 52.176485487805586, 245, 475, 20, 1047, 0, 1670007032939, 1670007034986, [10, 13, 29], [1], 17.930063741513948
20, 49.26284625031142, 315, 668, 16, 1238, 0, 1670007071368, 1670007073389, [20, 13, 30], [0], 12.775634401014372
10, 63.89143680210864, 246, 400, 15, 736, 0, 1670007123635, 1670007125303, [20, 15, 31], [-1], 23.08216647475023
20, 30.916950318590636, 463, 886, 43, 2029, 0, 1670007179590, 1670007183530, [10, 15, 30], [1], 5.64590035036352
20, 45.484962190991396, 462, 739, 43, 1268, 0, 1670007220023, 1670007222923, [20, 16, 31], [0], 8.791063430806222
30, 29.570473931755725, 655, 1239, 44, 1982, 0, 1670007279116, 1670007281497, [20, 17, 30], [1], 3.8313648525208253
40, 31.621489623036794, 643, 1299, 24, 2054, 0, 1670007337206, 1670007340186, [30, 15, 29], [1], 4.084408372905812
30, 34.14465725243592, 671, 1077, 32, 1849, 0, 1670007398368, 1670007401436, [40, 14, 29], [-1], 4.539305670358405
20, 31.73342029210137, 496, 863, 23, 2060, 0, 1670007456971, 1670007458979, [30, 16, 29], [-1], 5.573133173885031
20, 36.947407012552596, 471, 885, 12, 1699, 0, 1670007496228, 1670007499600, [20, 14, 29], [0], 6.671615567452618
30, 30.923428783261997, 564, 1100, 22, 1998, 0, 1670007555751, 1670007559055, [20, 12, 29], [1], 4.607185456385875
20, 46.21690337708369, 326, 606, 17, 1247, 0, 1670007610659, 1670007613263, [30, 14, 29], [-1], 12.09866580551929
30, 30.64913932316462, 561, 1120, 22, 2007, 0, 1670007667910, 1670007671968, [20, 13, 29], [1], 4.555460660399023
30, 29.12473316199705, 621, 861, 42, 2364, 0, 1670007731343, 1670007734303, [30, 16, 29], [0], 4.353472819431547
20, 40.344409227993395, 545, 939, 30, 1512, 0, 1670007789047, 1670007791458, [30, 12, 29], [-1], 6.467523120871016
30, 48.1055329804246, 382, 747, 10, 1466, 0, 1670007849907, 1670007853414, [20, 15, 29], [1], 10.57264461108233
30, 35.39486652860044, 460, 858, 36, 1604, 0, 1670007893430, 1670007896789, [30, 13, 28], [0], 6.559463774759161
20, 51.12112207249917, 372, 640, 20, 1167, 0, 1670007947308, 1670007949524, [30, 15, 28], [-1], 12.011541840342849
10, 47.43116595177786, 385, 654, 34, 1103, 0, 1670008000883, 1670008002568, [20, 12, 28], [-1], 10.80929032629395
20, 25.463941006597036, 866, 1294, 49, 2352, 0, 1670008058515, 1670008080076, [10, 17, 29], [1], 2.6759080502939296
20, 34.49862259809636, 592, 979, 63, 1669, 0, 1670008119020, 1670008122561, [20, 17, 29], [0], 5.153663369897872
20, 52.98389392773463, 321, 574, 33, 1074, 0, 1670008157048, 1670008158770, [20, 13, 28], [0], 14.258313758809102
30, 36.76964461716369, 735, 1286, 29, 1934, 0, 1670008217587, 1670008219973, [20, 16, 28], [1], 4.350407550539954
20, 37.186632649353626, 621, 981, 44, 1472, 0, 1670008274664, 1670008277458, [30, 15, 29], [-1], 5.366036457338186
20, 40.47591303116701, 551, 874, 14, 1561, 0, 1670008332695, 1670008335244, [20, 16, 29], [0], 6.57503460545273
10, 49.67716543658914, 349, 666, 19, 1175, 0, 1670008387354, 1670008389096, [20, 13, 29], [-1], 12.04586940751434
10, 52.74248988106609, 416, 462, 24, 992, 0, 1670008457566, 1670008459597, [10, 16, 29], [-1], 12.404160367136898
10, 59.87710222332021, 361, 501, 31, 811, 0, 1670008493151, 1670008494953, [10, 12, 29], [0], 15.392571265635016
10, 48.37376543345222, 344, 556, 17, 1126, 0, 1670008528948, 1670008532268, [10, 13, 29], [0], 12.519090433088047
10, 49.362529709772524, 413, 623, 23, 1316, 0, 1670008568541, 1670008570527, [10, 15, 29], [0], 10.848907628521433
10, 63.79452485284857, 314, 419, 38, 826, 0, 1670008603043, 1670008625062, [10, 16, 29], [0], 19.043141747118973
20, 41.3049846273889, 579, 780, 49, 1450, 0, 1670008688880, 1670008691627, [10, 14, 28], [1], 6.670701651710092
30, 37.94852825939309, 428, 804, 23, 1531, 0, 1670008743565, 1670008747069, [20, 17, 29], [1], 7.541440433106734
40, 21.9977366544289, 711, 1401, 26, 3012, 0, 1670008810210, 1670008814837, [30, 14, 29], [1], 2.5910172737843227
30, 36.74725921582465, 477, 956, 15, 1638, 0, 1670008866701, 1670008870312, [40, 14, 27], [-1], 6.415373466449833
20, 44.411827323403415, 512, 762, 37, 1287, 0, 1670008922604, 1670008925024, [30, 14, 27], [-1], 7.90246037782979
20, 52.803379800258334, 290, 512, 15, 1133, 0, 1670008961802, 1670008963465, [20, 13, 27], [0], 15.790484390029407
10, 44.896817215524514, 349, 679, 52, 1374, 0, 1670009017104, 1670009018550, [20, 15, 27], [-1], 10.818510172415545
10, 59.160621680390406, 296, 463, 63, 902, 0, 1670009066788, 1670009068567, [10, 15, 27], [-1], 17.960115871399633
10, 47.22656827902731, 399, 629, 11, 1184, 0, 1670009118445, 1670009121077, [10, 13, 28], [-1], 10.612711972815125
20, 33.79256551661685, 549, 938, 15, 2055, 0, 1670009178457, 1670009180964, [10, 16, 29], [1], 5.3912835859312125
30, 17.941011824974595, 708, 1230, 28, 4554, 0, 1670009248045, 1670009269921, [20, 15, 29], [1], 2.208396334930403
40, 41.10058265778115, 424, 768, 37, 1509, 0, 1670009322938, 1670009325112, [30, 14, 29], [1], 8.340215636725071
30, 38.754620191528275, 599, 1009, 13, 1736, 0, 1670009396222, 1670009398209, [40, 14, 29], [-1], 5.690839969387412
20, 48.24361364723087, 350, 579, 34, 1281, 0, 1670009459296, 1670009462801, [30, 12, 28], [-1], 12.188886722392843
20, 44.0841693084554, 286, 531, 19, 1327, 0, 1670009498416, 1670009505249, [20, 16, 29], [0], 13.15945352491206
30, 37.98739036717738, 472, 874, 29, 1470, 0, 1670009559396, 1670009561995, [20, 15, 29], [1], 6.876790435767084
40, 29.218512840596077, 605, 1232, 25, 2160, 0, 1670009618320, 1670009622037, [30, 15, 28], [1], 4.000344036226188
50, 32.333612605865696, 590, 1136, 18, 1971, 0, 1670009674611, 1670009678521, [40, 14, 28], [1], 4.624372512280563
60, 24.486995160685062, 756, 1536, 41, 2462, 0, 1670009736326, 1670009740783, [50, 13, 27], [1], 2.6849775395488003
60, 27.84954281406719, 564, 1370, 14, 2219, 0, 1670009784569, 1670009788168, [60, 13, 27], [0], 3.840256869010919
50, 32.04912853356789, 560, 1005, 17, 2044, 0, 1670009845024, 1670009848851, [60, 11, 27], [-1], 4.938232439686885
60, 27.968402869227873, 844, 1487, 34, 2305, 0, 1670009906933, 1670009910632, [50, 13, 28], [1], 2.875632620730811
70, 28.886482827101595, 611, 1112, 38, 2209, 0, 1670009968194, 1670009972514, [60, 14, 28], [1], 4.061653940818559
70, 27.93304616563999, 601, 1118, 32, 2235, 0, 1670010016777, 1670010020707, [70, 14, 27], [0], 3.9655091092617814
80, 27.004778267525058, 821, 1596, 32, 2212, 0, 1670010077935, 1670010082090, [70, 13, 27], [1], 2.7668830192136324
90, 31.8909900549963, 541, 1086, 27, 1900, 0, 1670010139713, 1670010142641, [80, 14, 27], [1], 4.906306162307123
90, 27.853272193732757, 633, 1167, 28, 2436, 1, 1670010198711, 1670010204280, [90, 13, 26], [0], 3.764973262196912
80, 31.756089293171968, 575, 1083, 36, 2033, 0, 1670010258424, 1670010262437, [90, 11, 26], [-1], 4.693480534018913
90, 30.955705935213047, 805, 1525, 39, 2120, 0, 1670010318496, 1670010322430, [80, 12, 26], [1], 3.2619289710445782
90, 35.969906024623626, 490, 979, 32, 1803, 0, 1670010360611, 1670010364390, [90, 13, 26], [0], 6.119412389354139
100, 29.168911990522197, 840, 1334, 45, 2055, 0, 1670010421096, 1670010424758, [90, 14, 26], [1], 3.107042180498743
100, 24.7016344605847, 893, 1661, 37, 2686, 0, 1670010470328, 1670010474354, [100, 10, 26], [0], 2.3601790999985375
110, 15.364889036060507, 934, 1609, 47, 6378, 0, 1670010549639, 1670010575341, [100, 13, 26], [1], 1.4373142222694582
100, 41.105221712874666, 534, 945, 35, 1576, 0, 1670010626872, 1670010630622, [110, 10, 26], [-1], 6.670759771644703
110, 33.89466777518618, 572, 1015, 49, 1952, 0, 1670010686986, 1670010689574, [100, 11, 26], [1], 5.130891276897696
110, 18.32999011922881, 837, 1472, 35, 3923, 0, 1670010746073, 1670010749421, [110, 11, 26], [0], 1.9014512571814117
100, 39.09728465330538, 641, 1192, 27, 1705, 0, 1670010803376, 1670010805413, [110, 10, 26], [-1], 5.204643856936285
100, 29.8716149801413, 668, 1384, 22, 1947, 0, 1670010843662, 1670010847461, [100, 10, 26], [0], 3.682398296368503
100, 40.21864075546873, 577, 1025, 25, 1687, 0, 1670010894270, 1670010897665, [100, 10, 26], [0], 6.033399453265637
90, 20.590018026281342, 1129, 1834, 51, 3223, 0, 1670010958440, 1670010980478, [100, 12, 26], [-1], 1.6212612619119167
80, 30.269050615857743, 615, 1216, 26, 2142, 0, 1670011035033, 1670011038646, [90, 12, 26], [-1], 4.117117874844633
80, 42.19736914070594, 459, 837, 27, 1577, 0, 1670011077128, 1670011078925, [80, 11, 26], [0], 7.893260220857826
90, 33.328925580243414, 439, 818, 17, 1972, 0, 1670011151947, 1670011153399, [80, 12, 26], [1], 6.474150268112551
90, 17.040985410387684, 878, 1550, 29, 5126, 0, 1670011209262, 1670011230950, [90, 9, 26], [0], 1.6832265320414541
80, 35.1064046753084, 550, 1043, 15, 1869, 0, 1670011290691, 1670011293204, [90, 11, 26], [-1], 5.412643335693555
80, 18.20964384809819, 767, 1475, 41, 3500, 0, 1670011340186, 1670011349859, [80, 11, 26], [0], 2.0041430605434942
90, 23.613436549642017, 995, 1467, 66, 2756, 0, 1670011410972, 1670011415835, [80, 12, 26], [1], 2.1675634798643304
90, 31.203130388188512, 672, 1233, 50, 1986, 0, 1670011454459, 1670011458185, [90, 10, 26], [0], 3.9789760760250585
80, 20.77685851012592, 846, 1650, 40, 3444, 0, 1670011520143, 1670011542142, [90, 11, 26], [-1], 2.0636530105409134
90, 31.456045786024916, 753, 1483, 31, 2011, 0, 1670011597980, 1670011601496, [80, 12, 26], [1], 3.4990039806479327
100, 28.674235424189373, 835, 1428, 101, 2213, 0, 1670011658549, 1670011662293, [90, 12, 26], [1], 3.0069458288789193
100, 33.61293510012833, 650, 1124, 35, 2033, 0, 1670011720317, 1670011722750, [100, 10, 26], [0], 4.5130149167734075
90, 31.774173525637288, 695, 1251, 43, 1940, 0, 1670011777675, 1670011781049, [100, 8, 26], [-1], 3.9412271800592023
80, 17.519368590718802, 707, 1510, 59, 3551, 0, 1670011847168, 1670011852288, [90, 11, 26], [-1], 2.0192909855600276
90, 22.1763622879222, 929, 1622, 38, 3171, 0, 1670011933496, 1670011937685, [80, 12, 26], [1], 2.077216400142581
80, 36.18748029855125, 670, 1241, 29, 1798, 0, 1670011993664, 1670011995915, [90, 12, 26], [-1], 4.614572851128697
90, 28.863683395730146, 761, 1358, 27, 2443, 0, 1670012054964, 1670012061161, [80, 13, 26], [1], 3.2784738068753003
80, 13.544968301905863, 1583, 3552, 46, 6787, 0, 1670012203079, 1670012207284, [90, 11, 26], [-1], 0.685196696777917
70, 39.3709027364916, 454, 959, 27, 1696, 0, 1670012264068, 1670012267743, [80, 10, 26], [-1], 7.093856348917406
70, 26.74679213849429, 635, 1230, 35, 2226, 0, 1670012309030, 1670012313686, [70, 11, 27], [0], 3.5473199122671475
80, 28.66557153797235, 828, 1399, 30, 2245, 0, 1670012369473, 1670012374128, [70, 13, 26], [1], 3.042408356821519
90, 35.18021195201239, 625, 1113, 35, 1707, 0, 1670012426342, 1670012448371, [80, 12, 26], [1], 4.868559639082811
90, 28.209750296125527, 742, 1319, 47, 2171, 0, 1670012488095, 1670012492472, [90, 10, 26], [0], 3.290150489401158
80, 40.194119942924466, 621, 1115, 37, 1744, 0, 1670012546097, 1670012547834, [90, 11, 26], [-1], 5.58406778868081
80, 30.68216986418652, 723, 1351, 27, 2070, 0, 1670012593622, 1670012597849, [80, 11, 27], [0], 3.6156221852682684
80, 36.677011434237855, 478, 864, 12, 1729, 0, 1670012634700, 1670012638330, [80, 11, 26], [0], 6.6060899557344825
80, 27.479775824057718, 636, 1397, 21, 2231, 0, 1670012688680, 1670012692221, [80, 11, 26], [0], 3.4863963237830142
70, 29.58624616196223, 744, 1404, 39, 2332, 0, 1670012751809, 1670012754495, [80, 10, 26], [-1], 3.3774253609545926
60, 31.33051102476611, 604, 1145, 40, 2007, 0, 1670012807632, 1670012811592, [70, 12, 26], [-1], 4.39911696500507
70, 27.80542240445567, 694, 1363, 37, 2317, 0, 1670012875144, 1670012880053, [60, 14, 26], [1], 3.35895414405118
80, 25.0500295858571, 1333, 2454, 59, 8405, 0, 1670012966319, 1670013003433, [70, 12, 26], [1], 1.608658463001355
90, 41.015616114674344, 428, 871, 30, 1702, 0, 1670013056667, 1670013058128, [80, 9, 26], [1], 7.9395308003628235
100, 35.80417180473385, 626, 1178, 36, 1848, 0, 1670013112253, 1670013114809, [90, 10, 26], [1], 4.862054834972005
100, 20.691899061462664, 586, 1247, 27, 3317, 2, 1670013173758, 1670013182817, [100, 11, 26], [0], 2.8810775635564836
100, 36.0587353184448, 644, 1164, 15, 1757, 0, 1670013227988, 1670013231286, [100, 10, 26], [0], 4.820686539899038
90, 33.24171100112915, 669, 1353, 20, 2322, 0, 1670013297461, 1670013299600, [100, 9, 26], [-1], 4.125305410912031
80, 28.692252619430956, 773, 1471, 17, 2274, 0, 1670013360450, 1670013365426, [90, 12, 26], [-1], 3.144011902194932
90, 29.717409058427847, 641, 1272, 21, 2152, 0, 1670013424115, 1670013428122, [80, 9, 26], [1], 3.873489189054725
100, 27.11537411656942, 761, 1258, 41, 2481, 0, 1670013484847, 1670013492167, [90, 10, 25], [1], 3.151484671846748
110, 45.476420946983694, 448, 815, 27, 1504, 0, 1670013543170, 1670013545752, [100, 11, 26], [1], 8.72198330398613
110, 36.183673764974785, 597, 1107, 22, 1810, 0, 1670013583659, 1670013587598, [110, 11, 26], [0], 5.176491239624433
120, 25.32412866025218, 758, 1314, 34, 2482, 0, 1670013644928, 1670013666498, [110, 10, 25], [1], 2.9134984652844196
110, 24.750392556542227, 981, 1805, 45, 2618, 0, 1670013724018, 1670013731820, [120, 10, 25], [-1], 2.1600970986683734
110, 24.732137384482847, 964, 1703, 42, 2647, 0, 1670013793893, 1670013798807, [110, 11, 26], [0], 2.224513166440263
100, 16.946333209773105, 1108, 2007, 89, 6298, 4, 1670013888107, 1670013895650, [110, 10, 26], [-1], 1.3159134345219057
100, 41.64947545991394, 474, 967, 40, 1430, 0, 1670013931087, 1670013934802, [100, 10, 26], [0], 7.273747024085564
100, 26.873717275564292, 652, 1448, 50, 2192, 0, 1670013975712, 1670013982531, [100, 12, 26], [0], 3.3128349698673927
90, 27.97703721721508, 590, 1278, 38, 2383, 0, 1670014042282, 1670014045706, [100, 12, 26], [-1], 3.8451123168245025
80, 25.53490049985545, 864, 1525, 73, 4158, 0, 1670014109790, 1670014125091, [90, 11, 26], [-1], 2.563230325221386
90, 15.894710600685308, 1018, 2457, 57, 4079, 0, 1670014190521, 1670014204044, [80, 12, 26], [1], 1.2172392863137773
80, 27.64320818078779, 790, 1459, 52, 2604, 0, 1670014277087, 1670014281858, [90, 12, 26], [-1], 2.992336889022277
70, 30.818613060999425, 646, 1272, 74, 2069, 0, 1670014339140, 1670014342384, [80, 10, 26], [-1], 3.996189452930423
60, 43.69506517975208, 555, 977, 30, 1382, 0, 1670014402383, 1670014405477, [70, 12, 26], [-1], 6.833760584884592
60, 15.868800946189044, 642, 1158, 31, 6243, 0, 1670014484062, 1670014488101, [60, 12, 26], [0], 2.1294687260049705
50, 30.594172859763674, 705, 1195, 48, 2078, 0, 1670014544936, 1670014548395, [60, 11, 26], [-1], 3.809984166844791
60, 31.01692868984417, 782, 1379, 55, 2073, 0, 1670014605209, 1670014608963, [50, 12, 26], [1], 3.440972785649453
70, 21.39043708740247, 838, 1569, 52, 2786, 0, 1670014669764, 1670014674753, [60, 14, 26], [1], 2.1733831627110822
80, 27.801037113884398, 664, 1352, 33, 2607, 0, 1670014735319, 1670014738186, [70, 13, 26], [1], 3.4681932527300887
80, 30.69179750739947, 632, 1078, 28, 2031, 0, 1670014793627, 1670014798353, [80, 11, 26], [0], 4.255656892318284
70, 16.706442468335364, 1052, 1753, 54, 3721, 14, 1670014879791, 1670014884616, [80, 9, 27], [-1], 1.4013120674664792
80, 26.38053818876732, 638, 1128, 43, 2804, 4, 1670014961008, 1670014964138, [70, 14, 26], [1], 3.5843122539086036
80, 30.54379194835618, 667, 1271, 28, 1868, 0, 1670015006432, 1670015008266, [80, 11, 27], [0], 3.8770997649601644
90, 18.47602355977309, 1023, 2101, 41, 3898, 0, 1670015070617, 1670015084378, [80, 14, 25], [1], 1.491686061664225
80, 30.708525001157305, 665, 1247, 82, 2205, 0, 1670015139508, 1670015144841, [90, 12, 26], [-1], 3.929936652310891
80, 27.531746679876285, 705, 1181, 36, 2463, 0, 1670015205053, 1670015207294, [80, 12, 26], [0], 3.4406081829388007
90, 39.81900181452981, 663, 1178, 36, 1601, 0, 1670015258471, 1670015272123, [80, 11, 25], [1], 5.19830310894645
90, 25.349050582727294, 557, 1068, 23, 2699, 0, 1670015329299, 1670015336391, [90, 10, 26], [0], 3.845426362671009
90, 27.168329981727872, 632, 1110, 26, 2322, 0, 1670015378477, 1670015382609, [90, 9, 26], [0], 3.733965088197893
80, 29.929573771142167, 637, 1234, 43, 2427, 0, 1670015439712, 1670015446085, [90, 12, 26], [-1], 3.9568447608596196
80, 42.8042324151618, 378, 810, 16, 1346, 0, 1670015483364, 1670015485520, [80, 11, 26], [0], 9.217104309897026
90, 28.203644256836604, 644, 1281, 49, 2289, 0, 1670015541085, 1670015550350, [80, 13, 26], [1], 3.6561633726778062
80, 26.306915396658308, 770, 1293, 51, 2479, 0, 1670015625997, 1670015629819, [90, 11, 26], [-1], 3.00787964745693
70, 25.3813481527887, 732, 1433, 45, 2557, 0, 1670015689435, 1670015694259, [80, 10, 26], [-1], 2.9100376235712795
80, 29.827055045767246, 632, 1136, 21, 2231, 0, 1670015750641, 1670015754049, [70, 14, 26], [1], 4.070285895983521
80, 31.442397691923368, 673, 1276, 37, 1976, 0, 1670015795394, 1670015799436, [80, 11, 26], [0], 3.9619956769056666
90, 36.37087319701923, 453, 937, 46, 1825, 0, 1670015853140, 1670015855175, [80, 13, 26], [1], 6.615291596402187
80, 30.5020934169736, 694, 1215, 22, 2070, 0, 1670015917893, 1670015921627, [90, 11, 26], [-1], 3.8213597365288896
80, 37.277182358741655, 475, 948, 11, 1640, 0, 1670015963387, 1670015966310, [80, 11, 26], [0], 6.5444491500599815
90, 27.72164201421383, 571, 1034, 34, 2272, 3, 1670016040392, 1670016043799, [80, 12, 26], [1], 4.177462630231138
90, 22.00970489364456, 912, 1609, 29, 2626, 0, 1670016109523, 1670016114896, [90, 9, 26], [0], 2.09337120921101
100, 22.22366710891901, 618, 1288, 15, 3170, 2, 1670016193856, 1670016197503, [90, 13, 26], [1], 2.9552748815051872
90, 38.06016038414117, 634, 1212, 30, 1491, 0, 1670016252269, 1670016253883, [100, 12, 26], [-1], 5.077395995749889
80, 30.26348833497898, 622, 1254, 54, 2070, 0, 1670016314319, 1670016317778, [90, 11, 26], [-1], 4.043758462717662
90, 20.73792319248853, 928, 2148, 43, 5595, 3, 1670016389785, 1670016415926, [80, 12, 26], [1], 1.7694473713727417
80, 29.638295234172165, 686, 1203, 62, 2393, 0, 1670016475451, 1670016478255, [90, 11, 26], [-1], 3.7545344862138537
70, 26.37145282283094, 406, 919, 24, 2887, 0, 1670016572462, 1670016575485, [80, 10, 26], [-1], 5.1851067288303065
70, 38.79371443762541, 473, 971, 19, 1705, 0, 1670016612500, 1670016616470, [70, 11, 26], [0], 6.775011253514742
70, 32.65267247628752, 603, 1132, 21, 1911, 0, 1670016660744, 1670016664522, [70, 11, 26], [0], 4.606754017534921
70, 30.329981054148625, 541, 955, 43, 2205, 0, 1670016707189, 1670016710104, [70, 10, 26], [0], 4.862132262607988
80, 30.964832970694587, 770, 1369, 43, 2048, 0, 1670016764913, 1670016768795, [70, 13, 26], [1], 3.479976733051763
90, 40.001994617094354, 436, 848, 18, 1784, 0, 1670016820560, 1670016824960, [80, 12, 26], [1], 7.71643414681604
90, 37.9069069878001, 642, 1314, 53, 1701, 0, 1670016879798, 1670016883348, [90, 12, 25], [0], 4.882393996367864
100, 25.916424231214386, 847, 1571, 30, 2697, 0, 1670016946656, 1670016948719, [90, 10, 25], [1], 2.6130695937905206
90, 36.936035417131315, 629, 1279, 19, 1788, 0, 1670017003347, 1670017005491, [100, 12, 26], [-1], 4.866407828344046
80, 26.09696664064533, 827, 1506, 40, 2663, 0, 1670017063329, 1670017070188, [90, 11, 26], [-1], 2.710528317474588
80, 26.446377800158132, 565, 1190, 33, 2380, 0, 1670017113345, 1670017117454, [80, 11, 26], [0], 3.8328083768345116
80, 30.908658126330693, 843, 1381, 28, 2142, 0, 1670017173823, 1670017177405, [80, 11, 26], [0], 3.2514893884210694
90, 23.745587340920487, 948, 1676, 67, 2715, 0, 1670017239515, 1670017243484, [80, 9, 26], [1], 2.1713229097403515
80, 28.33251586285445, 744, 1451, 14, 2293, 0, 1670017303861, 1670017307838, [90, 12, 26], [-1], 3.1999679086124293
70, 31.87121880660554, 515, 957, 27, 1952, 0, 1670017361537, 1670017365277, [80, 11, 27], [-1], 5.281938814485506
80, 29.958588116533168, 649, 1300, 27, 2106, 4, 1670017437346, 1670017441634, [70, 13, 27], [1], 3.84478800263516
70, 36.84254944253165, 529, 976, 31, 1626, 0, 1670017505706, 1670017508722, [80, 10, 25], [-1], 5.957721449309774
70, 28.81871982265692, 591, 1193, 29, 2129, 0, 1670017549644, 1670017553456, [70, 11, 26], [0], 4.050986761689193
70, 39.09769567899674, 464, 968, 19, 1681, 1, 1670017616541, 1670017618671, [70, 16, 26], [0], 6.9223965437317165
80, 17.800476245557633, 915, 1927, 54, 3425, 0, 1670017697380, 1670017702560, [70, 11, 25], [1], 1.5930263330550951
70, 28.510404916047627, 628, 1223, 59, 2172, 0, 1670017761202, 1670017765489, [80, 12, 25], [-1], 3.8166539378912483
80, 38.6299078762896, 590, 1076, 76, 1665, 0, 1670017817950, 1670017820738, [70, 13, 27], [1], 5.621348643231897
70, 28.041255520362874, 543, 1145, 18, 2186, 0, 1670017877624, 1670017879861, [80, 11, 27], [-1], 4.226900138734228
70, 41.43419281100431, 433, 872, 18, 1541, 0, 1670017917324, 1670017918864, [70, 11, 27], [0], 7.955874195661348
80, 26.43978931324429, 828, 1418, 42, 2417, 0, 1670017980802, 1670017984915, [70, 13, 27], [1], 2.7949037329010875
80, 29.5437862409511, 649, 1138, 53, 2095, 0, 1670018025174, 1670018028972, [80, 11, 26], [0], 3.95605064822591
90, 35.33066893779808, 454, 1020, 22, 1763, 0, 1670018082568, 1670018085156, [80, 15, 27], [1], 6.228961378314189
80, 26.01591733575692, 797, 1499, 25, 3482, 0, 1670018145194, 1670018158451, [90, 12, 27], [-1], 2.7753272173839254
70, 25.881883983702387, 741, 1490, 48, 2291, 0, 1670018219567, 1670018223790, [80, 11, 27], [-1], 2.905465197990838
70, 38.84270627562802, 496, 1006, 39, 1590, 0, 1670018260172, 1670018263947, [70, 14, 27], [0], 6.4954358320448184
80, 27.26217787603155, 758, 1375, 46, 2288, 0, 1670018322625, 1670018326295, [70, 13, 27], [1], 3.0930539909271104
70, 28.94056280037705, 645, 1191, 19, 2228, 2, 1670018397638, 1670018402788, [80, 11, 27], [-1], 3.837253089416209
80, 43.732655572615336, 525, 1104, 19, 1640, 0, 1670018456778, 1670018458383, [70, 10, 27], [1], 6.824696562518
70, 25.99759179553619, 602, 1240, 24, 2667, 0, 1670018523736, 1670018527401, [80, 12, 27], [-1], 3.563266419344324
70, 34.144408334909556, 584, 1111, 19, 1852, 0, 1670018566422, 1670018569639, [70, 11, 26], [0], 4.952771734103504
70, 24.707607351252456, 734, 1302, 29, 2515, 2, 1670018628486, 1670018634124, [70, 12, 27], [0], 2.9150079461128424
70, 16.983498632461227, 963, 1895, 39, 3742, 0, 1670018704715, 1670018711581, [70, 11, 27], [0], 1.477596888155666
70, 31.596763059902685, 648, 1225, 25, 2045, 0, 1670018753016, 1670018756417, [70, 10, 26], [0], 4.138952457414551
70, 22.199286457610963, 706, 1329, 30, 2913, 0, 1670018804978, 1670018809197, [70, 11, 26], [0], 2.6726807678318036
70, 31.418800140773378, 560, 1069, 25, 1852, 0, 1670018847956, 1670018851723, [70, 11, 26], [0], 4.747476600298183
60, 30.686862813592974, 647, 1149, 54, 2112, 0, 1670018910026, 1670018913828, [70, 12, 26], [-1], 4.105815201176474
60, 28.099496708520576, 781, 1389, 41, 2210, 0, 1670018953376, 1670018958340, [60, 12, 26], [0], 3.1131726909506505
70, 40.323671653531456, 592, 1023, 45, 1631, 0, 1670019009345, 1670019030824, [60, 13, 26], [1], 5.945690305740409
60, 33.23359174166804, 567, 1165, 39, 1830, 0, 1670019085911, 1670019088174, [70, 9, 26], [-1], 4.8403133908633915
70, 29.132943657244095, 697, 1398, 41, 2078, 0, 1670019148631, 1670019152515, [60, 13, 26], [1], 3.4798069346923186
80, 28.765453351705126, 725, 1263, 45, 2239, 0, 1670019210211, 1670019214792, [70, 13, 26], [1], 3.454894709549018
90, 29.468442873468785, 875, 1394, 68, 2075, 0, 1670019269205, 1670019287301, [80, 12, 26], [1], 3.0106705019890465
90, 27.20478969179077, 641, 1319, 28, 2298, 0, 1670019330889, 1670019334961, [90, 11, 27], [0], 3.5030633133905185
80, 31.189832732111768, 711, 1318, 69, 2080, 0, 1670019389656, 1670019394496, [90, 10, 27], [-1], 3.7469765415799814
80, 32.92791667887865, 470, 1100, 21, 1927, 0, 1670019434084, 1670019437514, [80, 11, 28], [0], 5.524818234711184
70, 24.147548043623004, 613, 1473, 36, 2396, 0, 1670019499192, 1670019503725, [80, 12, 27], [-1], 3.0761207698882806
80, 28.445537630596913, 634, 1253, 36, 2134, 0, 1670019558382, 1670019562229, [70, 14, 26], [1], 3.7536998720766572
90, 21.527012174706254, 893, 1449, 41, 3280, 0, 1670019623824, 1670019645336, [80, 14, 26], [1], 2.1436976871844506
80, 33.735544500381984, 536, 1045, 33, 1930, 0, 1670019700290, 1670019703914, [90, 11, 26], [-1], 5.289361006645028
90, 31.36005197512638, 655, 1117, 29, 3392, 0, 1670019784189, 1670019786197, [80, 13, 26], [1], 4.195886001488678
